timestamp,prompt_id,prompt_category,temperature,max_tokens,engine_variant,repeat_index,is_warmup,total_latency_ms,ttft_ms,decode_ms,tokens_generated,tokens_per_sec,peak_memory_mb,avg_memory_mb,memory_method,cpu_percent,cpu_method,output_chars,output_tokens,sanity_is_empty,sanity_repetition,sanity_is_coherent,success,error
1769593737093,factual_short_01,FACTUAL_SHORT,0.1,128,QUANTIZED_INT8,0,false,1750,1600,127,1,7.87,7070.18,5579.42,PSS,0.00,unavailable,5,1,false,0.000,false,true,
1769593739080,factual_short_01,FACTUAL_SHORT,0.1,128,QUANTIZED_INT8,1,false,1631,1395,195,1,5.13,6827.64,5664.74,PSS,0.00,unavailable,5,1,false,0.000,false,true,
1769593741088,factual_short_01,FACTUAL_SHORT,0.1,128,QUANTIZED_INT8,2,false,912,787,91,1,10.99,6803.75,5516.12,PSS,0.00,unavailable,5,1,false,0.000,false,true,
1769593742212,factual_short_01,FACTUAL_SHORT,0.1,512,QUANTIZED_INT8,0,false,2201,1910,267,1,3.75,6891.84,5576.13,PSS,0.00,unavailable,5,1,false,0.000,false,true,
1769593744676,factual_short_01,FACTUAL_SHORT,0.1,512,QUANTIZED_INT8,1,false,1168,892,197,1,5.08,6793.87,5466.07,PSS,0.00,unavailable,5,1,false,0.000,false,true,
1769593746056,factual_short_01,FACTUAL_SHORT,0.1,512,QUANTIZED_INT8,2,false,1034,906,86,1,11.63,6984.65,5580.34,PSS,0.00,unavailable,5,1,false,0.000,false,true,
1769593747290,factual_short_01,FACTUAL_SHORT,0.1,1024,QUANTIZED_INT8,0,false,876,783,67,1,14.93,6780.82,5535.94,PSS,0.00,unavailable,5,1,false,0.000,false,true,
1769593748413,factual_short_01,FACTUAL_SHORT,0.1,1024,QUANTIZED_INT8,1,false,624,514,85,1,11.76,6867.33,5409.96,PSS,0.00,unavailable,5,1,false,0.000,false,true,
1769593749195,factual_short_01,FACTUAL_SHORT,0.1,1024,QUANTIZED_INT8,2,false,825,707,95,1,10.53,6901.52,5491.19,PSS,0.00,unavailable,5,1,false,0.000,false,true,
1769593750300,factual_short_01,FACTUAL_SHORT,1.1,128,QUANTIZED_INT8,0,false,749,648,77,1,12.99,6939.11,5580.91,PSS,0.00,unavailable,5,1,false,0.000,false,true,
1769593751306,factual_short_01,FACTUAL_SHORT,1.1,128,QUANTIZED_INT8,1,false,920,710,185,1,5.41,6761.35,5438.16,PSS,0.00,unavailable,5,1,false,0.000,false,true,
1769593752464,factual_short_01,FACTUAL_SHORT,1.1,128,QUANTIZED_INT8,2,false,1464,1355,82,1,12.20,6815.15,5475.24,PSS,0.00,unavailable,5,1,false,0.000,false,true,
1769593754116,factual_short_01,FACTUAL_SHORT,1.1,512,QUANTIZED_INT8,0,false,729,627,80,1,12.50,6857.60,5562.64,PSS,0.00,unavailable,5,1,false,0.000,false,true,
1769593755108,factual_short_01,FACTUAL_SHORT,1.1,512,QUANTIZED_INT8,1,false,582,470,86,1,11.63,6872.28,5504.01,PSS,0.00,unavailable,5,1,false,0.000,false,true,
1769593755920,factual_short_01,FACTUAL_SHORT,1.1,512,QUANTIZED_INT8,2,false,744,642,78,1,12.82,6697.81,5329.54,PSS,0.00,unavailable,5,1,false,0.000,false,true,
1769593756861,factual_short_01,FACTUAL_SHORT,1.1,1024,QUANTIZED_INT8,0,false,855,716,116,1,8.62,6696.15,5343.59,PSS,0.00,unavailable,5,1,false,0.000,false,true,
1769593757910,factual_short_01,FACTUAL_SHORT,1.1,1024,QUANTIZED_INT8,1,false,1104,921,157,1,6.37,6955.40,5527.13,PSS,0.00,unavailable,5,1,false,0.000,false,true,
1769593759259,factual_short_01,FACTUAL_SHORT,1.1,1024,QUANTIZED_INT8,2,false,1110,999,82,1,12.20,6996.22,5568.93,PSS,0.00,unavailable,5,1,false,0.000,false,true,
1769593760854,factual_short_01,FACTUAL_SHORT,2.0,128,QUANTIZED_INT8,0,false,750,620,104,1,9.62,6895.12,5512.38,PSS,0.00,unavailable,5,1,false,0.000,false,true,
1769593761820,factual_short_01,FACTUAL_SHORT,2.0,128,QUANTIZED_INT8,1,false,1116,894,174,1,5.75,6953.90,5659.49,PSS,0.00,unavailable,5,1,false,0.000,false,true,
1769593763218,factual_short_01,FACTUAL_SHORT,2.0,128,QUANTIZED_INT8,2,false,748,634,91,1,10.99,6776.07,5414.16,PSS,0.00,unavailable,5,1,false,0.000,false,true,
1769593764171,factual_short_01,FACTUAL_SHORT,2.0,512,QUANTIZED_INT8,0,false,767,658,85,1,11.76,6846.22,5404.32,PSS,0.00,unavailable,5,1,false,0.000,false,true,
1769593765128,factual_short_01,FACTUAL_SHORT,2.0,512,QUANTIZED_INT8,1,false,577,473,77,1,12.99,6736.96,5388.75,PSS,0.00,unavailable,5,1,false,0.000,false,true,
1769593765901,factual_short_01,FACTUAL_SHORT,2.0,512,QUANTIZED_INT8,2,false,1059,725,311,1,3.22,6976.64,5558.70,PSS,0.00,unavailable,5,1,false,0.000,false,true,
1769593767156,factual_short_01,FACTUAL_SHORT,2.0,1024,QUANTIZED_INT8,0,false,1259,1042,186,1,5.38,7035.43,5650.64,PSS,0.00,unavailable,5,1,false,0.000,false,true,
1769593768628,factual_short_01,FACTUAL_SHORT,2.0,1024,QUANTIZED_INT8,1,false,851,718,109,1,9.17,7012.60,5583.68,PSS,0.00,unavailable,5,1,false,0.000,false,true,
1769593769670,factual_short_01,FACTUAL_SHORT,2.0,1024,QUANTIZED_INT8,2,false,1630,1528,76,1,13.16,6906.59,5622.31,PSS,0.00,unavailable,5,1,false,0.000,false,true,
1769593771605,factual_short_02,FACTUAL_SHORT,0.1,128,QUANTIZED_INT8,0,false,11563,800,10527,128,12.16,6751.67,5388.06,PSS,0.00,unavailable,531,128,false,0.067,true,true,
1769593783358,factual_short_02,FACTUAL_SHORT,0.1,128,QUANTIZED_INT8,1,false,9709,749,8823,128,14.51,6640.85,5348.59,PSS,0.00,unavailable,530,128,false,0.011,true,true,
1769593793239,factual_short_02,FACTUAL_SHORT,0.1,128,QUANTIZED_INT8,2,false,9235,733,8473,128,15.11,6640.95,5348.24,PSS,0.00,unavailable,508,128,false,0.161,true,true,
1769593802665,factual_short_02,FACTUAL_SHORT,0.1,512,QUANTIZED_INT8,0,false,40516,731,39764,512,12.88,6641.10,5345.62,PSS,0.00,unavailable,2131,512,false,0.261,true,true,
1769593843395,factual_short_02,FACTUAL_SHORT,0.1,512,QUANTIZED_INT8,1,false,40930,866,39831,512,12.85,6641.70,5345.30,PSS,0.00,unavailable,2449,512,false,0.303,false,true,
1769593884543,factual_short_02,FACTUAL_SHORT,0.1,512,QUANTIZED_INT8,2,false,27725,838,26862,347,12.92,6641.77,5346.46,PSS,0.00,unavailable,1718,347,false,0.086,true,true,
1769593912501,factual_short_02,FACTUAL_SHORT,0.1,1024,QUANTIZED_INT8,0,false,51314,832,50456,599,11.87,6641.92,5347.09,PSS,0.00,unavailable,2405,599,false,0.329,false,true,
1769593964040,factual_short_02,FACTUAL_SHORT,0.1,1024,QUANTIZED_INT8,1,false,80027,957,79046,835,10.56,6642.11,5347.31,PSS,0.00,unavailable,3458,835,false,0.328,false,true,
1769594044282,factual_short_02,FACTUAL_SHORT,0.1,1024,QUANTIZED_INT8,2,false,72618,965,71630,756,10.55,6642.30,5346.30,PSS,0.00,unavailable,3073,756,false,0.232,true,true,
1769594117126,factual_short_02,FACTUAL_SHORT,1.1,128,QUANTIZED_INT8,0,false,12292,971,11199,128,11.43,6642.38,5345.55,PSS,0.00,unavailable,566,128,false,0.021,true,true,
1769594129637,factual_short_02,FACTUAL_SHORT,1.1,128,QUANTIZED_INT8,1,false,12173,966,11184,128,11.44,6642.34,5344.64,PSS,0.00,unavailable,558,128,false,0.022,true,true,
1769594142003,factual_short_02,FACTUAL_SHORT,1.1,128,QUANTIZED_INT8,2,false,12136,970,11144,128,11.49,6642.42,5345.10,PSS,0.00,unavailable,450,128,false,0.000,true,true,
1769594154350,factual_short_02,FACTUAL_SHORT,1.1,512,QUANTIZED_INT8,0,false,47552,965,46561,512,11.00,6642.49,5346.57,PSS,0.00,unavailable,2386,512,false,0.043,true,true,
1769594202126,factual_short_02,FACTUAL_SHORT,1.1,512,QUANTIZED_INT8,1,false,38839,965,37850,408,10.78,6642.61,5346.71,PSS,0.00,unavailable,2060,408,false,0.073,true,true,
1769594241196,factual_short_02,FACTUAL_SHORT,1.1,512,QUANTIZED_INT8,2,false,53957,966,52941,512,9.67,6642.74,5343.69,PSS,0.00,unavailable,2288,512,false,0.072,true,true,
1769594295382,factual_short_02,FACTUAL_SHORT,1.1,1024,QUANTIZED_INT8,0,false,59567,1106,58022,538,9.27,6643.18,5351.57,PSS,0.00,unavailable,2301,538,false,0.125,true,true,
1769594355213,factual_short_02,FACTUAL_SHORT,1.1,1024,QUANTIZED_INT8,1,false,26121,1095,24673,252,10.21,6643.27,5360.81,PSS,0.00,unavailable,1189,252,false,0.010,true,true,
1769594381551,factual_short_02,FACTUAL_SHORT,1.1,1024,QUANTIZED_INT8,2,false,58615,1068,57520,540,9.39,6643.37,5359.10,PSS,0.00,unavailable,2273,540,false,0.171,true,true,
1769594440393,factual_short_02,FACTUAL_SHORT,2.0,128,QUANTIZED_INT8,0,false,14526,1120,13063,128,9.80,6643.43,5359.31,PSS,0.00,unavailable,602,128,false,0.010,true,true,
1769594455129,factual_short_02,FACTUAL_SHORT,2.0,128,QUANTIZED_INT8,1,false,13660,1063,12521,128,10.22,6643.45,5361.24,PSS,0.00,unavailable,554,128,false,0.000,true,true,
1769594469021,factual_short_02,FACTUAL_SHORT,2.0,128,QUANTIZED_INT8,2,false,13678,1064,12586,128,10.17,6643.51,5361.38,PSS,0.00,unavailable,515,128,false,0.023,true,true,
1769594482933,factual_short_02,FACTUAL_SHORT,2.0,512,QUANTIZED_INT8,0,false,51564,1066,50471,485,9.61,6643.66,5357.54,PSS,0.00,unavailable,2259,485,false,0.009,true,true,
1769594534730,factual_short_02,FACTUAL_SHORT,2.0,512,QUANTIZED_INT8,1,false,53526,1157,52081,512,9.83,6643.78,5352.30,PSS,0.00,unavailable,1826,512,false,0.141,true,true,
1769594588464,factual_short_02,FACTUAL_SHORT,2.0,512,QUANTIZED_INT8,2,false,52923,1065,51812,512,9.88,6643.89,5354.11,PSS,0.00,unavailable,2140,512,false,0.126,true,true,
1769594641631,factual_short_02,FACTUAL_SHORT,2.0,1024,QUANTIZED_INT8,0,false,56635,1065,55542,543,9.78,6644.02,5356.68,PSS,0.00,unavailable,2179,543,false,0.100,true,true,
1769594698490,factual_short_02,FACTUAL_SHORT,2.0,1024,QUANTIZED_INT8,1,false,27107,1060,26019,264,10.15,6644.07,5356.45,PSS,0.00,unavailable,1203,264,false,0.010,true,true,
1769594725837,factual_short_02,FACTUAL_SHORT,2.0,1024,QUANTIZED_INT8,2,false,47764,1064,46669,449,9.62,6644.21,5355.02,PSS,0.00,unavailable,2134,449,false,0.045,true,true,
1769594773856,factual_medium_01,FACTUAL_MEDIUM,0.1,128,QUANTIZED_INT8,0,false,14322,1493,12615,128,10.15,6644.33,5356.48,PSS,0.00,unavailable,654,128,false,0.011,true,true,
1769594788437,factual_medium_01,FACTUAL_MEDIUM,0.1,128,QUANTIZED_INT8,1,false,14281,1568,12680,128,10.09,6644.36,5357.74,PSS,0.00,unavailable,623,128,false,0.021,true,true,
1769594802981,factual_medium_01,FACTUAL_MEDIUM,0.1,128,QUANTIZED_INT8,2,false,13946,1462,12457,128,10.28,6644.42,5358.26,PSS,0.00,unavailable,623,128,false,0.000,true,true,
1769594817157,factual_medium_01,FACTUAL_MEDIUM,0.1,512,QUANTIZED_INT8,0,false,53821,1465,52327,512,9.78,6644.57,5359.21,PSS,0.00,unavailable,2448,512,false,0.041,true,true,
1769594871206,factual_medium_01,FACTUAL_MEDIUM,0.1,512,QUANTIZED_INT8,1,false,56025,1461,54524,512,9.39,6644.71,5359.86,PSS,0.00,unavailable,2483,512,false,0.032,true,true,
1769594927475,factual_medium_01,FACTUAL_MEDIUM,0.1,512,QUANTIZED_INT8,2,false,104351,1552,102468,512,5.00,6644.77,5271.53,PSS,0.00,unavailable,2567,512,false,0.021,true,true,
1769595032036,factual_medium_01,FACTUAL_MEDIUM,0.1,1024,QUANTIZED_INT8,0,false,58875,1699,56253,513,9.12,6485.15,5181.48,PSS,0.00,unavailable,2703,513,false,0.062,true,true,
1769595091152,factual_medium_01,FACTUAL_MEDIUM,0.1,1024,QUANTIZED_INT8,1,false,80979,1475,79394,710,8.94,6485.31,5181.89,PSS,0.00,unavailable,3621,710,false,0.078,true,true,
1769595172369,factual_medium_01,FACTUAL_MEDIUM,0.1,1024,QUANTIZED_INT8,2,false,62446,1465,60955,557,9.14,6485.44,5183.71,PSS,0.00,unavailable,2662,557,false,0.056,true,true,
1769595235043,factual_medium_01,FACTUAL_MEDIUM,1.1,128,QUANTIZED_INT8,0,false,14728,1465,13227,128,9.68,6485.51,5183.90,PSS,0.00,unavailable,661,128,false,0.021,true,true,
1769595249981,factual_medium_01,FACTUAL_MEDIUM,1.1,128,QUANTIZED_INT8,1,false,25109,1464,23616,128,5.42,6485.57,5184.11,PSS,0.00,unavailable,649,128,false,0.021,true,true,
1769595275337,factual_medium_01,FACTUAL_MEDIUM,1.1,128,QUANTIZED_INT8,2,false,15487,1780,13291,128,9.63,6485.64,5183.97,PSS,0.00,unavailable,647,128,false,0.000,true,true,
1769595291030,factual_medium_01,FACTUAL_MEDIUM,1.1,512,QUANTIZED_INT8,0,false,59515,1467,58018,512,8.82,6485.81,5184.77,PSS,0.00,unavailable,2611,512,false,0.038,true,true,
1769595350749,factual_medium_01,FACTUAL_MEDIUM,1.1,512,QUANTIZED_INT8,1,false,62343,1507,60438,512,8.47,6485.96,5185.82,PSS,0.00,unavailable,1881,512,false,0.022,true,true,
1769595413353,factual_medium_01,FACTUAL_MEDIUM,1.1,512,QUANTIZED_INT8,2,false,62482,1674,60476,512,8.47,6486.13,5185.25,PSS,0.00,unavailable,2467,512,false,0.044,true,true,
1769595476055,factual_medium_01,FACTUAL_MEDIUM,1.1,1024,QUANTIZED_INT8,0,false,85147,1534,83230,675,8.11,6486.40,5185.35,PSS,0.00,unavailable,3571,675,false,0.029,true,true,
1769595561426,factual_medium_01,FACTUAL_MEDIUM,1.1,1024,QUANTIZED_INT8,1,false,77471,1726,75411,668,8.86,6486.58,5189.46,PSS,0.00,unavailable,3101,668,false,0.052,true,true,
1769595639121,factual_medium_01,FACTUAL_MEDIUM,1.1,1024,QUANTIZED_INT8,2,false,87628,1479,85799,758,8.83,6486.75,5190.61,PSS,0.00,unavailable,3828,758,false,0.030,true,true,
1769595726984,factual_medium_01,FACTUAL_MEDIUM,2.0,128,QUANTIZED_INT8,0,false,14872,1476,13317,128,9.61,6486.81,5189.34,PSS,0.00,unavailable,628,128,false,0.011,true,true,
1769595742089,factual_medium_01,FACTUAL_MEDIUM,2.0,128,QUANTIZED_INT8,1,false,16211,1730,14439,128,8.86,6486.84,5189.52,PSS,0.00,unavailable,684,128,false,0.000,true,true,
1769595758571,factual_medium_01,FACTUAL_MEDIUM,2.0,128,QUANTIZED_INT8,2,false,15087,1503,13452,128,9.52,6486.86,5190.67,PSS,0.00,unavailable,658,128,false,0.000,true,true,
1769595773910,factual_medium_01,FACTUAL_MEDIUM,2.0,512,QUANTIZED_INT8,0,false,58347,1545,56769,512,9.02,6487.01,5191.28,PSS,0.00,unavailable,2501,512,false,0.019,true,true,
1769595832524,factual_medium_01,FACTUAL_MEDIUM,2.0,512,QUANTIZED_INT8,1,false,57863,1469,56303,512,9.09,6487.13,5192.06,PSS,0.00,unavailable,2213,512,false,0.012,true,true,
1769595890629,factual_medium_01,FACTUAL_MEDIUM,2.0,512,QUANTIZED_INT8,2,false,57835,1484,56294,512,9.10,6487.32,5196.77,PSS,0.00,unavailable,2571,512,false,0.005,true,true,
1769595948702,factual_medium_01,FACTUAL_MEDIUM,2.0,1024,QUANTIZED_INT8,0,false,116889,1471,115142,987,8.57,6487.60,5199.64,PSS,0.00,unavailable,4660,987,false,0.034,true,true,
1769596065867,factual_medium_01,FACTUAL_MEDIUM,2.0,1024,QUANTIZED_INT8,1,false,113455,1530,111589,951,8.52,6487.89,5201.65,PSS,0.00,unavailable,5094,951,false,0.041,true,true,
1769596179553,factual_medium_01,FACTUAL_MEDIUM,2.0,1024,QUANTIZED_INT8,2,false,103537,1577,101596,861,8.47,6488.07,5203.02,PSS,0.00,unavailable,4370,861,false,0.025,true,true,
1769596283347,factual_medium_02,FACTUAL_MEDIUM,0.1,128,QUANTIZED_INT8,0,false,15049,1260,13511,128,9.47,6488.14,5204.47,PSS,0.00,unavailable,648,128,false,0.000,true,true,
1769596298616,factual_medium_02,FACTUAL_MEDIUM,0.1,128,QUANTIZED_INT8,1,false,15192,1240,13925,128,9.19,6488.17,5204.18,PSS,0.00,unavailable,611,128,false,0.047,true,true,
1769596314024,factual_medium_02,FACTUAL_MEDIUM,0.1,128,QUANTIZED_INT8,2,false,14638,1245,13363,128,9.58,6488.19,5204.08,PSS,0.00,unavailable,648,128,false,0.000,true,true,
1769596328880,factual_medium_02,FACTUAL_MEDIUM,0.1,512,QUANTIZED_INT8,0,false,57738,1243,56467,511,9.05,6488.35,5204.83,PSS,0.00,unavailable,2592,511,false,0.165,true,true,
1769596386837,factual_medium_02,FACTUAL_MEDIUM,0.1,512,QUANTIZED_INT8,1,false,64547,1242,63226,512,8.10,6488.49,5205.80,PSS,0.00,unavailable,2541,512,false,0.163,true,true,
1769596451642,factual_medium_02,FACTUAL_MEDIUM,0.1,512,QUANTIZED_INT8,2,false,57937,1287,56280,512,9.10,6488.61,5206.34,PSS,0.00,unavailable,2538,512,false,0.046,true,true,
1769596509808,factual_medium_02,FACTUAL_MEDIUM,0.1,1024,QUANTIZED_INT8,0,false,49359,1318,47960,444,9.26,6488.71,5207.34,PSS,0.00,unavailable,2172,444,false,0.215,true,true,
1769596559383,factual_medium_02,FACTUAL_MEDIUM,0.1,1024,QUANTIZED_INT8,1,false,79387,1243,78116,692,8.86,6488.89,5207.14,PSS,0.00,unavailable,3625,692,false,0.129,true,true,
1769596638974,factual_medium_02,FACTUAL_MEDIUM,0.1,1024,QUANTIZED_INT8,2,false,58558,1255,57075,520,9.11,6488.98,5208.25,PSS,0.00,unavailable,2578,520,false,0.289,true,true,
1769596697749,factual_medium_02,FACTUAL_MEDIUM,1.1,128,QUANTIZED_INT8,0,false,12988,1224,11738,128,10.90,6489.04,5211.65,PSS,0.00,unavailable,618,128,false,0.000,true,true,
1769596710951,factual_medium_02,FACTUAL_MEDIUM,1.1,128,QUANTIZED_INT8,1,false,29128,1247,27785,128,4.61,6489.08,5204.21,PSS,0.00,unavailable,647,128,false,0.000,true,true,
1769596740332,factual_medium_02,FACTUAL_MEDIUM,1.1,128,QUANTIZED_INT8,2,false,17445,1483,15212,128,8.41,6485.38,5195.25,PSS,0.00,unavailable,619,128,false,0.000,true,true,
1769596758057,factual_medium_02,FACTUAL_MEDIUM,1.1,512,QUANTIZED_INT8,0,false,62917,1313,61575,512,8.32,6485.58,5193.65,PSS,0.00,unavailable,2679,512,false,0.012,true,true,
1769596821219,factual_medium_02,FACTUAL_MEDIUM,1.1,512,QUANTIZED_INT8,1,false,64075,1277,62274,512,8.22,6485.71,5193.88,PSS,0.00,unavailable,2715,512,false,0.068,true,true,
1769596885499,factual_medium_02,FACTUAL_MEDIUM,1.1,512,QUANTIZED_INT8,2,false,61845,1281,60231,512,8.50,6485.85,5190.66,PSS,0.00,unavailable,2602,512,false,0.059,true,true,
1769596947566,factual_medium_02,FACTUAL_MEDIUM,1.1,1024,QUANTIZED_INT8,0,false,69859,1249,68582,574,8.37,6486.01,5187.72,PSS,0.00,unavailable,3091,574,false,0.058,true,true,
1769597017626,factual_medium_02,FACTUAL_MEDIUM,1.1,1024,QUANTIZED_INT8,1,false,65583,1245,64308,542,8.43,6486.11,5190.06,PSS,0.00,unavailable,2915,542,false,0.032,true,true,
1769597083452,factual_medium_02,FACTUAL_MEDIUM,1.1,1024,QUANTIZED_INT8,2,false,59209,1246,57936,477,8.23,6486.20,5189.10,PSS,0.00,unavailable,2501,477,false,0.038,true,true,
1769597142888,factual_medium_02,FACTUAL_MEDIUM,2.0,128,QUANTIZED_INT8,0,false,15911,1245,14593,128,8.77,6486.29,5189.67,PSS,0.00,unavailable,661,128,false,0.000,true,true,
1769597159023,factual_medium_02,FACTUAL_MEDIUM,2.0,128,QUANTIZED_INT8,1,false,15690,1240,14420,128,8.88,6486.32,5189.27,PSS,0.00,unavailable,613,128,false,0.000,true,true,
1769597174912,factual_medium_02,FACTUAL_MEDIUM,2.0,128,QUANTIZED_INT8,2,false,15969,1248,14691,128,8.71,6486.49,5190.53,PSS,0.00,unavailable,584,128,false,0.000,true,true,
1769597191117,factual_medium_02,FACTUAL_MEDIUM,2.0,512,QUANTIZED_INT8,0,false,62444,1314,61102,512,8.38,6486.65,5191.14,PSS,0.00,unavailable,2610,512,false,0.025,true,true,
1769597253783,factual_medium_02,FACTUAL_MEDIUM,2.0,512,QUANTIZED_INT8,1,false,62587,1246,60884,512,8.41,6486.80,5192.12,PSS,0.00,unavailable,2710,512,false,0.000,true,true,
1769597316687,factual_medium_02,FACTUAL_MEDIUM,2.0,512,QUANTIZED_INT8,2,false,63459,1272,61825,512,8.28,6486.99,5193.85,PSS,0.00,unavailable,2747,512,false,0.012,true,true,
1769597380403,factual_medium_02,FACTUAL_MEDIUM,2.0,1024,QUANTIZED_INT8,0,false,103432,1291,101708,833,8.19,6487.19,5194.47,PSS,0.00,unavailable,4355,833,false,0.015,true,true,
1769597484078,factual_medium_02,FACTUAL_MEDIUM,2.0,1024,QUANTIZED_INT8,1,false,98254,1241,96622,784,8.11,6487.43,5196.77,PSS,0.00,unavailable,4111,784,false,0.020,true,true,
1769597582601,factual_medium_02,FACTUAL_MEDIUM,2.0,1024,QUANTIZED_INT8,2,false,89229,1334,87657,713,8.13,6487.62,5199.36,PSS,0.00,unavailable,3971,713,false,0.019,true,true,
1769597672070,factual_long_01,FACTUAL_LONG,0.1,128,QUANTIZED_INT8,0,false,17324,2191,14818,128,8.64,6487.72,5200.35,PSS,0.00,unavailable,664,128,false,0.019,true,true,
1769597689616,factual_long_01,FACTUAL_LONG,0.1,128,QUANTIZED_INT8,1,false,16587,2050,14510,128,8.82,6487.79,5200.84,PSS,0.00,unavailable,629,128,false,0.010,true,true,
1769597706416,factual_long_01,FACTUAL_LONG,0.1,128,QUANTIZED_INT8,2,false,17113,2044,15042,128,8.51,6487.83,5200.08,PSS,0.00,unavailable,629,128,false,0.000,true,true,
1769597723767,factual_long_01,FACTUAL_LONG,0.1,512,QUANTIZED_INT8,0,false,65835,3622,62182,512,8.23,6488.02,5199.65,PSS,0.00,unavailable,2515,512,false,0.116,true,true,
1769597789846,factual_long_01,FACTUAL_LONG,0.1,512,QUANTIZED_INT8,1,false,65282,3035,61919,512,8.27,6488.19,5201.42,PSS,0.00,unavailable,2620,512,false,0.057,true,true,
1769597855363,factual_long_01,FACTUAL_LONG,0.1,512,QUANTIZED_INT8,2,false,65461,2106,62961,512,8.13,6488.33,5202.26,PSS,0.00,unavailable,2683,512,false,0.109,true,true,
1769597921051,factual_long_01,FACTUAL_LONG,0.1,1024,QUANTIZED_INT8,0,false,68786,2266,66145,545,8.24,6488.56,5204.46,PSS,0.00,unavailable,2827,545,false,0.082,true,true,
1769597990041,factual_long_01,FACTUAL_LONG,0.1,1024,QUANTIZED_INT8,1,false,59858,2041,57677,491,8.51,6488.68,5206.56,PSS,0.00,unavailable,2569,491,false,0.097,true,true,
1769598050130,factual_long_01,FACTUAL_LONG,0.1,1024,QUANTIZED_INT8,2,false,61569,3156,58237,474,8.14,6488.87,5207.22,PSS,0.00,unavailable,2527,474,false,0.119,true,true,
1769598111930,factual_long_01,FACTUAL_LONG,1.1,128,QUANTIZED_INT8,0,false,17533,2071,15131,128,8.46,6488.91,5206.11,PSS,0.00,unavailable,636,128,false,0.011,true,true,
1769598129690,factual_long_01,FACTUAL_LONG,1.1,128,QUANTIZED_INT8,1,false,16610,2049,14530,128,8.81,6488.98,5206.23,PSS,0.00,unavailable,621,128,false,0.010,true,true,
1769598146530,factual_long_01,FACTUAL_LONG,1.1,128,QUANTIZED_INT8,2,false,16696,2054,14614,128,8.76,6489.01,5207.89,PSS,0.00,unavailable,647,128,false,0.020,true,true,
1769598163457,factual_long_01,FACTUAL_LONG,1.1,512,QUANTIZED_INT8,0,false,64469,2060,62382,512,8.21,6489.22,5207.77,PSS,0.00,unavailable,2676,512,false,0.032,true,true,
1769598228151,factual_long_01,FACTUAL_LONG,1.1,512,QUANTIZED_INT8,1,false,74335,2089,71882,512,7.12,6489.36,5207.40,PSS,0.00,unavailable,2589,512,false,0.005,true,true,
1769598302698,factual_long_01,FACTUAL_LONG,1.1,512,QUANTIZED_INT8,2,false,67079,2719,63982,504,7.88,6489.53,5216.70,PSS,0.00,unavailable,2671,504,false,0.051,true,true,
1769598370003,factual_long_01,FACTUAL_LONG,1.1,1024,QUANTIZED_INT8,0,false,109120,2074,106731,825,7.73,6489.85,5222.22,PSS,0.00,unavailable,4285,825,false,0.073,true,true,
1769598479348,factual_long_01,FACTUAL_LONG,1.1,1024,QUANTIZED_INT8,1,false,104000,2177,101532,808,7.96,6490.05,5218.18,PSS,0.00,unavailable,4124,808,false,0.010,true,true,
1769598583565,factual_long_01,FACTUAL_LONG,1.1,1024,QUANTIZED_INT8,2,false,78175,2087,75892,628,8.27,6490.17,5218.87,PSS,0.00,unavailable,3292,628,false,0.035,true,true,
1769598661947,factual_long_01,FACTUAL_LONG,2.0,128,QUANTIZED_INT8,0,false,19304,2053,17219,128,7.43,6490.24,5218.70,PSS,0.00,unavailable,594,128,false,0.000,true,true,
1769598681457,factual_long_01,FACTUAL_LONG,2.0,128,QUANTIZED_INT8,1,false,17376,2602,14420,128,8.88,6490.29,5219.20,PSS,0.00,unavailable,626,128,false,0.000,true,true,
1769598699098,factual_long_01,FACTUAL_LONG,2.0,128,QUANTIZED_INT8,2,false,20958,2303,18277,128,7.00,6490.33,5217.97,PSS,0.00,unavailable,633,128,false,0.010,true,true,
1769598720310,factual_long_01,FACTUAL_LONG,2.0,512,QUANTIZED_INT8,0,false,68609,2307,65763,512,7.79,6490.57,5220.99,PSS,0.00,unavailable,2750,512,false,0.012,true,true,
1769598789219,factual_long_01,FACTUAL_LONG,2.0,512,QUANTIZED_INT8,1,false,75951,2059,73584,512,6.96,6490.73,5224.47,PSS,0.00,unavailable,2573,512,false,0.015,true,true,
1769598865395,factual_long_01,FACTUAL_LONG,2.0,512,QUANTIZED_INT8,2,false,66555,2351,63665,512,8.04,6490.77,5210.48,PSS,0.00,unavailable,2645,512,false,0.015,true,true,
1769598932187,factual_long_01,FACTUAL_LONG,2.0,1024,QUANTIZED_INT8,0,false,89431,2183,86994,707,8.13,6485.96,5193.50,PSS,0.00,unavailable,3663,707,false,0.016,true,true,
1769599021843,factual_long_01,FACTUAL_LONG,2.0,1024,QUANTIZED_INT8,1,false,89616,2045,87458,704,8.05,6486.12,5190.37,PSS,0.00,unavailable,3769,704,false,0.047,true,true,
1769599111681,factual_long_01,FACTUAL_LONG,2.0,1024,QUANTIZED_INT8,2,false,127990,2186,125517,810,6.45,6486.37,5191.53,PSS,0.00,unavailable,3976,810,false,0.019,true,true,
1769599239915,instruction_short_01,INSTRUCTION_SHORT,0.1,128,QUANTIZED_INT8,0,false,4445,1227,2513,20,7.96,6486.40,5192.51,PSS,0.00,unavailable,59,20,false,0.000,true,true,
1769599244620,instruction_short_01,INSTRUCTION_SHORT,0.1,128,QUANTIZED_INT8,1,false,4624,1194,3397,28,8.24,6486.39,5191.36,PSS,0.00,unavailable,79,28,false,0.000,true,true,
1769599249502,instruction_short_01,INSTRUCTION_SHORT,0.1,128,QUANTIZED_INT8,2,false,4715,1190,3498,28,8.00,6486.42,5192.58,PSS,0.00,unavailable,79,28,false,0.000,true,true,
1769599254446,instruction_short_01,INSTRUCTION_SHORT,0.1,512,QUANTIZED_INT8,0,false,3630,1228,2372,20,8.43,6486.46,5193.37,PSS,0.00,unavailable,59,20,false,0.000,true,true,
1769599258308,instruction_short_01,INSTRUCTION_SHORT,0.1,512,QUANTIZED_INT8,1,false,3678,1188,2461,20,8.13,6486.50,5193.77,PSS,0.00,unavailable,59,20,false,0.000,true,true,
1769599262213,instruction_short_01,INSTRUCTION_SHORT,0.1,512,QUANTIZED_INT8,2,false,3603,1185,2387,20,8.38,6486.53,5194.47,PSS,0.00,unavailable,59,20,false,0.000,true,true,
1769599266031,instruction_short_01,INSTRUCTION_SHORT,0.1,1024,QUANTIZED_INT8,0,false,4658,1185,3436,28,8.15,6486.56,5194.57,PSS,0.00,unavailable,79,28,false,0.000,true,true,
1769599270929,instruction_short_01,INSTRUCTION_SHORT,0.1,1024,QUANTIZED_INT8,1,false,3746,1193,2524,20,7.92,6486.61,5194.83,PSS,0.00,unavailable,59,20,false,0.000,true,true,
1769599274888,instruction_short_01,INSTRUCTION_SHORT,0.1,1024,QUANTIZED_INT8,2,false,4628,1155,3447,28,8.12,6486.63,5195.00,PSS,0.00,unavailable,79,28,false,0.000,true,true,
1769599279735,instruction_short_01,INSTRUCTION_SHORT,1.1,128,QUANTIZED_INT8,0,false,3497,1154,2315,19,8.21,6486.68,5195.21,PSS,0.00,unavailable,55,19,false,0.000,true,true,
1769599283451,instruction_short_01,INSTRUCTION_SHORT,1.1,128,QUANTIZED_INT8,1,false,3964,1152,2785,25,8.98,6486.74,5195.28,PSS,0.00,unavailable,75,25,false,0.000,true,true,
1769599287641,instruction_short_01,INSTRUCTION_SHORT,1.1,128,QUANTIZED_INT8,2,false,4663,1130,3507,29,8.27,6486.76,5195.25,PSS,0.00,unavailable,95,29,false,0.000,true,true,
1769599292512,instruction_short_01,INSTRUCTION_SHORT,1.1,512,QUANTIZED_INT8,0,false,3750,1124,2600,22,8.46,6486.79,5195.51,PSS,0.00,unavailable,61,22,false,0.000,true,true,
1769599296472,instruction_short_01,INSTRUCTION_SHORT,1.1,512,QUANTIZED_INT8,1,false,3728,1125,2577,22,8.54,6486.84,5195.91,PSS,0.00,unavailable,67,22,false,0.000,true,true,
1769599300412,instruction_short_01,INSTRUCTION_SHORT,1.1,512,QUANTIZED_INT8,2,false,3440,1125,2288,19,8.30,6486.87,5195.89,PSS,0.00,unavailable,54,19,false,0.000,true,true,
1769599304068,instruction_short_01,INSTRUCTION_SHORT,1.1,1024,QUANTIZED_INT8,0,false,3780,1125,2628,22,8.37,6486.92,5196.08,PSS,0.00,unavailable,62,22,false,0.000,true,true,
1769599308055,instruction_short_01,INSTRUCTION_SHORT,1.1,1024,QUANTIZED_INT8,1,false,3662,1123,2514,22,8.75,6486.98,5196.29,PSS,0.00,unavailable,55,22,false,0.000,true,true,
1769599311945,instruction_short_01,INSTRUCTION_SHORT,1.1,1024,QUANTIZED_INT8,2,false,3457,1131,2300,20,8.70,6486.99,5195.28,PSS,0.00,unavailable,58,20,false,0.000,true,true,
1769599315621,instruction_short_01,INSTRUCTION_SHORT,2.0,128,QUANTIZED_INT8,0,false,3745,1139,2579,22,8.53,6487.02,5194.29,PSS,0.00,unavailable,59,22,false,0.000,true,true,
1769599319586,instruction_short_01,INSTRUCTION_SHORT,2.0,128,QUANTIZED_INT8,1,false,5633,1564,4040,31,7.67,6487.08,5193.75,PSS,0.00,unavailable,89,31,false,0.000,true,true,
1769599325456,instruction_short_01,INSTRUCTION_SHORT,2.0,128,QUANTIZED_INT8,2,false,5575,1238,3992,34,8.52,6487.11,5194.88,PSS,0.00,unavailable,107,34,false,0.045,true,true,
1769599331242,instruction_short_01,INSTRUCTION_SHORT,2.0,512,QUANTIZED_INT8,0,false,4039,1140,2872,25,8.70,6487.16,5196.51,PSS,0.00,unavailable,71,25,false,0.000,true,true,
1769599335509,instruction_short_01,INSTRUCTION_SHORT,2.0,512,QUANTIZED_INT8,1,false,3554,1136,2388,21,8.79,6487.19,5197.30,PSS,0.00,unavailable,55,21,false,0.000,true,true,
1769599339279,instruction_short_01,INSTRUCTION_SHORT,2.0,512,QUANTIZED_INT8,2,false,12099,1142,10929,93,8.51,6487.25,5198.08,PSS,0.00,unavailable,392,93,false,0.000,true,true,
1769599351601,instruction_short_01,INSTRUCTION_SHORT,2.0,1024,QUANTIZED_INT8,0,false,3954,1139,2789,24,8.61,6487.30,5198.57,PSS,0.00,unavailable,72,24,false,0.000,true,true,
1769599355783,instruction_short_01,INSTRUCTION_SHORT,2.0,1024,QUANTIZED_INT8,1,false,4460,1136,3298,27,8.19,6487.36,5198.93,PSS,0.00,unavailable,75,27,false,0.000,true,true,
1769599360473,instruction_short_01,INSTRUCTION_SHORT,2.0,1024,QUANTIZED_INT8,2,false,39900,1140,38734,320,8.26,6487.47,5197.43,PSS,0.00,unavailable,1617,320,false,0.008,true,true,
1769599400596,instruction_short_02,INSTRUCTION_SHORT,0.1,128,QUANTIZED_INT8,0,false,2576,1233,923,8,8.67,6487.50,5196.60,PSS,0.00,unavailable,18,8,false,0.000,true,true,
1769599403392,instruction_short_02,INSTRUCTION_SHORT,0.1,128,QUANTIZED_INT8,1,false,2159,1177,955,8,8.38,6487.53,5197.20,PSS,0.00,unavailable,18,8,false,0.000,true,true,
1769599405764,instruction_short_02,INSTRUCTION_SHORT,0.1,128,QUANTIZED_INT8,2,false,2162,1181,955,8,8.38,6487.53,5199.30,PSS,0.00,unavailable,18,8,false,0.000,true,true,
1769599408137,instruction_short_02,INSTRUCTION_SHORT,0.1,512,QUANTIZED_INT8,0,false,2094,1181,887,8,9.02,6487.58,5198.59,PSS,0.00,unavailable,18,8,false,0.000,true,true,
1769599410444,instruction_short_02,INSTRUCTION_SHORT,0.1,512,QUANTIZED_INT8,1,false,2477,1194,1257,8,6.36,6487.60,5197.48,PSS,0.00,unavailable,18,8,false,0.000,true,true,
1769599413128,instruction_short_02,INSTRUCTION_SHORT,0.1,512,QUANTIZED_INT8,2,false,2107,1208,872,8,9.17,6487.64,5197.17,PSS,0.00,unavailable,18,8,false,0.000,true,true,
1769599415454,instruction_short_02,INSTRUCTION_SHORT,0.1,1024,QUANTIZED_INT8,0,false,2211,1219,959,8,8.34,6487.66,5197.47,PSS,0.00,unavailable,18,8,false,0.000,true,true,
1769599417876,instruction_short_02,INSTRUCTION_SHORT,0.1,1024,QUANTIZED_INT8,1,false,2237,1284,920,8,8.70,6487.72,5198.28,PSS,0.00,unavailable,18,8,false,0.000,true,true,
1769599420361,instruction_short_02,INSTRUCTION_SHORT,0.1,1024,QUANTIZED_INT8,2,false,2118,1177,915,8,8.74,6487.73,5200.43,PSS,0.00,unavailable,18,8,false,0.000,true,true,
1769599422689,instruction_short_02,INSTRUCTION_SHORT,1.1,128,QUANTIZED_INT8,0,false,2163,1174,962,8,8.32,6487.75,5199.52,PSS,0.00,unavailable,18,8,false,0.000,true,true,
1769599425061,instruction_short_02,INSTRUCTION_SHORT,1.1,128,QUANTIZED_INT8,1,false,2316,1181,1108,9,8.12,6487.81,5198.76,PSS,0.00,unavailable,20,9,false,0.000,true,true,
1769599427587,instruction_short_02,INSTRUCTION_SHORT,1.1,128,QUANTIZED_INT8,2,false,2054,1183,845,7,8.28,6487.81,5198.86,PSS,0.00,unavailable,18,7,false,0.000,true,true,
1769599429853,instruction_short_02,INSTRUCTION_SHORT,1.1,512,QUANTIZED_INT8,0,false,2284,1182,1076,9,8.36,6487.85,5199.13,PSS,0.00,unavailable,20,9,false,0.000,true,true,
1769599432354,instruction_short_02,INSTRUCTION_SHORT,1.1,512,QUANTIZED_INT8,1,false,2207,1223,958,7,7.31,6487.87,5199.24,PSS,0.00,unavailable,18,7,false,0.000,true,true,
1769599434765,instruction_short_02,INSTRUCTION_SHORT,1.1,512,QUANTIZED_INT8,2,false,2310,1189,1094,8,7.31,6487.91,5200.05,PSS,0.00,unavailable,18,8,false,0.000,true,true,
1769599437283,instruction_short_02,INSTRUCTION_SHORT,1.1,1024,QUANTIZED_INT8,0,false,2365,1232,1096,10,9.12,6487.93,5200.79,PSS,0.00,unavailable,21,10,false,0.000,true,true,
1769599439895,instruction_short_02,INSTRUCTION_SHORT,1.1,1024,QUANTIZED_INT8,1,false,2580,1684,867,7,8.07,6487.98,5199.88,PSS,0.00,unavailable,18,7,false,0.000,true,true,
1769599442698,instruction_short_02,INSTRUCTION_SHORT,1.1,1024,QUANTIZED_INT8,2,false,2261,1186,1046,9,8.60,6487.99,5198.86,PSS,0.00,unavailable,21,9,false,0.000,true,true,
1769599445187,instruction_short_02,INSTRUCTION_SHORT,2.0,128,QUANTIZED_INT8,0,false,2160,1188,945,8,8.47,6488.02,5199.09,PSS,0.00,unavailable,18,8,false,0.000,true,true,
1769599447578,instruction_short_02,INSTRUCTION_SHORT,2.0,128,QUANTIZED_INT8,1,false,2206,1193,985,9,9.14,6488.06,5199.26,PSS,0.00,unavailable,20,9,false,0.000,true,true,
1769599449989,instruction_short_02,INSTRUCTION_SHORT,2.0,128,QUANTIZED_INT8,2,false,2255,1294,923,8,8.67,6488.10,5200.36,PSS,0.00,unavailable,18,8,false,0.000,true,true,
1769599452521,instruction_short_02,INSTRUCTION_SHORT,2.0,512,QUANTIZED_INT8,0,false,2176,1200,944,8,8.47,6488.11,5202.11,PSS,0.00,unavailable,18,8,false,0.000,true,true,
1769599454913,instruction_short_02,INSTRUCTION_SHORT,2.0,512,QUANTIZED_INT8,1,false,2133,1188,917,8,8.72,6488.14,5202.10,PSS,0.00,unavailable,18,8,false,0.000,true,true,
1769599457258,instruction_short_02,INSTRUCTION_SHORT,2.0,512,QUANTIZED_INT8,2,false,2156,1180,951,8,8.41,6488.17,5202.27,PSS,0.00,unavailable,19,8,false,0.000,true,true,
1769599459624,instruction_short_02,INSTRUCTION_SHORT,2.0,1024,QUANTIZED_INT8,0,false,2280,1199,1056,9,8.52,6488.20,5202.40,PSS,0.00,unavailable,19,9,false,0.000,true,true,
1769599462110,instruction_short_02,INSTRUCTION_SHORT,2.0,1024,QUANTIZED_INT8,1,false,2165,1181,958,8,8.35,6488.25,5202.74,PSS,0.00,unavailable,18,8,false,0.000,true,true,
1769599464482,instruction_short_02,INSTRUCTION_SHORT,2.0,1024,QUANTIZED_INT8,2,false,2144,1174,944,8,8.47,6488.26,5202.84,PSS,0.00,unavailable,18,8,false,0.000,true,true,
1769599466823,instruction_medium_01,INSTRUCTION_MEDIUM,0.1,128,QUANTIZED_INT8,0,false,17235,1806,15400,128,8.31,6488.35,5203.12,PSS,0.00,unavailable,511,128,false,0.012,true,true,
1769599484284,instruction_medium_01,INSTRUCTION_MEDIUM,0.1,128,QUANTIZED_INT8,1,false,16635,1817,14790,128,8.65,6488.41,5204.19,PSS,0.00,unavailable,514,128,false,0.012,true,true,
1769599501148,instruction_medium_01,INSTRUCTION_MEDIUM,0.1,128,QUANTIZED_INT8,2,false,16703,1823,14854,128,8.62,6488.46,5204.14,PSS,0.00,unavailable,515,128,false,0.013,true,true,
1769599518072,instruction_medium_01,INSTRUCTION_MEDIUM,0.1,512,QUANTIZED_INT8,0,false,58684,1821,56837,468,8.23,6488.62,5204.56,PSS,0.00,unavailable,1775,468,false,0.045,true,true,
1769599576969,instruction_medium_01,INSTRUCTION_MEDIUM,0.1,512,QUANTIZED_INT8,1,false,56867,1809,55032,454,8.25,6488.69,5204.64,PSS,0.00,unavailable,1840,454,false,0.055,true,true,
1769599634077,instruction_medium_01,INSTRUCTION_MEDIUM,0.1,512,QUANTIZED_INT8,2,false,63324,1817,61442,502,8.17,6488.88,5205.56,PSS,0.00,unavailable,1965,502,false,0.075,true,true,
1769599697623,instruction_medium_01,INSTRUCTION_MEDIUM,0.1,1024,QUANTIZED_INT8,0,false,46329,1823,44479,330,7.42,6488.95,5207.12,PSS,0.00,unavailable,1368,330,false,0.152,true,true,
1769599744184,instruction_medium_01,INSTRUCTION_MEDIUM,0.1,1024,QUANTIZED_INT8,1,false,40311,1881,38037,311,8.18,6489.07,5207.48,PSS,0.00,unavailable,1120,311,false,0.041,true,true,
1769599784728,instruction_medium_01,INSTRUCTION_MEDIUM,0.1,1024,QUANTIZED_INT8,2,false,71571,1971,69243,562,8.12,6489.24,5208.72,PSS,0.00,unavailable,2081,562,false,0.081,true,true,
1769599856501,instruction_medium_01,INSTRUCTION_MEDIUM,1.1,128,QUANTIZED_INT8,0,false,18549,1891,16315,128,7.85,6489.29,5208.34,PSS,0.00,unavailable,551,128,false,0.027,true,true,
1769599875263,instruction_medium_01,INSTRUCTION_MEDIUM,1.1,128,QUANTIZED_INT8,1,false,17379,1912,15307,128,8.36,6489.32,5210.50,PSS,0.00,unavailable,495,128,false,0.027,true,true,
1769599892856,instruction_medium_01,INSTRUCTION_MEDIUM,1.1,128,QUANTIZED_INT8,2,false,17035,1809,15200,128,8.42,6489.38,5211.38,PSS,0.00,unavailable,535,128,false,0.023,true,true,
1769599910097,instruction_medium_01,INSTRUCTION_MEDIUM,1.1,512,QUANTIZED_INT8,0,false,54516,1813,52677,432,8.20,6489.49,5211.83,PSS,0.00,unavailable,1827,432,false,0.107,true,true,
1769599964823,instruction_medium_01,INSTRUCTION_MEDIUM,1.1,512,QUANTIZED_INT8,1,false,48486,1810,46649,341,7.31,6489.57,5212.49,PSS,0.00,unavailable,1247,341,false,0.046,true,true,
1769600013525,instruction_medium_01,INSTRUCTION_MEDIUM,1.1,512,QUANTIZED_INT8,2,false,55450,1895,53069,431,8.12,6489.69,5214.14,PSS,0.00,unavailable,1853,431,false,0.068,true,true,
1769600069206,instruction_medium_01,INSTRUCTION_MEDIUM,1.1,1024,QUANTIZED_INT8,0,false,64178,1825,62309,499,8.01,6489.81,5214.51,PSS,0.00,unavailable,2099,499,false,0.056,true,true,
1769600133626,instruction_medium_01,INSTRUCTION_MEDIUM,1.1,1024,QUANTIZED_INT8,1,false,52595,1822,50745,416,8.20,6489.95,5215.33,PSS,0.00,unavailable,1591,416,false,0.062,true,true,
1769600186438,instruction_medium_01,INSTRUCTION_MEDIUM,1.1,1024,QUANTIZED_INT8,2,false,64092,1816,62249,510,8.19,6490.09,5214.64,PSS,0.00,unavailable,2139,510,false,0.088,true,true,
1769600250805,instruction_medium_01,INSTRUCTION_MEDIUM,2.0,128,QUANTIZED_INT8,0,false,17002,2036,14634,128,8.75,6490.13,5213.65,PSS,0.00,unavailable,582,128,false,0.048,true,true,
1769600268029,instruction_medium_01,INSTRUCTION_MEDIUM,2.0,128,QUANTIZED_INT8,1,false,16587,1821,14740,128,8.68,6490.16,5214.07,PSS,0.00,unavailable,584,128,false,0.287,true,true,
1769600284835,instruction_medium_01,INSTRUCTION_MEDIUM,2.0,128,QUANTIZED_INT8,2,false,17573,1824,15721,128,8.14,6490.25,5214.85,PSS,0.00,unavailable,548,128,false,0.025,true,true,
1769600302632,instruction_medium_01,INSTRUCTION_MEDIUM,2.0,512,QUANTIZED_INT8,0,false,63674,2012,61219,512,8.36,6490.42,5216.03,PSS,0.00,unavailable,1800,512,false,0.161,true,true,
1769600366528,instruction_medium_01,INSTRUCTION_MEDIUM,2.0,512,QUANTIZED_INT8,1,false,64009,1887,61764,429,6.95,6490.57,5217.22,PSS,0.00,unavailable,1853,429,false,0.073,true,true,
1769600430756,instruction_medium_01,INSTRUCTION_MEDIUM,2.0,512,QUANTIZED_INT8,2,false,34839,7813,26544,179,6.74,6490.62,5216.50,PSS,0.00,unavailable,745,179,false,0.028,true,true,
1769600465810,instruction_medium_01,INSTRUCTION_MEDIUM,2.0,1024,QUANTIZED_INT8,0,false,19928,1952,17288,144,8.33,6490.68,5218.07,PSS,0.00,unavailable,601,144,false,0.034,true,true,
1769600485958,instruction_medium_01,INSTRUCTION_MEDIUM,2.0,1024,QUANTIZED_INT8,1,false,17888,1818,15902,135,8.49,6490.76,5220.86,PSS,0.00,unavailable,568,135,false,0.035,true,true,
1769600504052,instruction_medium_01,INSTRUCTION_MEDIUM,2.0,1024,QUANTIZED_INT8,2,false,25815,1818,23971,210,8.76,6490.87,5222.46,PSS,0.00,unavailable,820,210,false,0.046,true,true,
1769600530075,instruction_medium_02,INSTRUCTION_MEDIUM,0.1,128,QUANTIZED_INT8,0,false,18525,1862,16633,128,7.70,6490.98,5222.00,PSS,0.00,unavailable,691,128,false,0.009,true,true,
1769600548834,instruction_medium_02,INSTRUCTION_MEDIUM,0.1,128,QUANTIZED_INT8,1,false,17420,1913,15266,128,8.38,6491.03,5222.48,PSS,0.00,unavailable,719,128,false,0.000,true,true,
1769600566465,instruction_medium_02,INSTRUCTION_MEDIUM,0.1,128,QUANTIZED_INT8,2,false,17094,1865,15201,128,8.42,6491.07,5221.78,PSS,0.00,unavailable,711,128,false,0.010,true,true,
1769600583769,instruction_medium_02,INSTRUCTION_MEDIUM,0.1,512,QUANTIZED_INT8,0,false,65178,1866,63283,512,8.09,6491.12,5204.38,PSS,0.00,unavailable,2944,512,false,0.040,true,true,
1769600649200,instruction_medium_02,INSTRUCTION_MEDIUM,0.1,512,QUANTIZED_INT8,1,false,65811,1933,63598,512,8.05,6486.34,5189.17,PSS,0.00,unavailable,2939,512,false,0.017,true,true,
1769600715221,instruction_medium_02,INSTRUCTION_MEDIUM,0.1,512,QUANTIZED_INT8,2,false,65720,1865,63825,512,8.02,6486.43,5191.12,PSS,0.00,unavailable,2996,512,false,0.031,true,true,
1769600781150,instruction_medium_02,INSTRUCTION_MEDIUM,0.1,1024,QUANTIZED_INT8,0,false,72542,1861,70653,560,7.93,6486.58,5192.58,PSS,0.00,unavailable,3208,560,false,0.065,true,true,
1769600853907,instruction_medium_02,INSTRUCTION_MEDIUM,0.1,1024,QUANTIZED_INT8,1,false,79326,1863,77436,554,7.15,6486.71,5192.62,PSS,0.00,unavailable,3188,554,false,0.053,true,true,
1769600933462,instruction_medium_02,INSTRUCTION_MEDIUM,0.1,1024,QUANTIZED_INT8,2,false,71178,2062,68625,552,8.04,6486.88,5193.94,PSS,0.00,unavailable,3176,552,false,0.049,true,true,
1769601004891,instruction_medium_02,INSTRUCTION_MEDIUM,1.1,128,QUANTIZED_INT8,0,false,17493,1927,15228,128,8.41,6486.94,5195.69,PSS,0.00,unavailable,682,128,false,0.011,true,true,
1769601022597,instruction_medium_02,INSTRUCTION_MEDIUM,1.1,128,QUANTIZED_INT8,1,false,17354,1860,15466,128,8.28,6486.98,5195.87,PSS,0.00,unavailable,694,128,false,0.018,true,true,
1769601040158,instruction_medium_02,INSTRUCTION_MEDIUM,1.1,128,QUANTIZED_INT8,2,false,17346,1877,15442,128,8.29,6487.01,5195.30,PSS,0.00,unavailable,696,128,false,0.000,true,true,
1769601057709,instruction_medium_02,INSTRUCTION_MEDIUM,1.1,512,QUANTIZED_INT8,0,false,62744,1865,60852,510,8.38,6487.17,5194.51,PSS,0.00,unavailable,2887,510,false,0.026,true,true,
1769601120684,instruction_medium_02,INSTRUCTION_MEDIUM,1.1,512,QUANTIZED_INT8,1,false,94180,1886,91862,341,3.71,6487.23,5183.19,PSS,0.00,unavailable,1942,341,false,0.018,true,true,
1769601215222,instruction_medium_02,INSTRUCTION_MEDIUM,1.1,512,QUANTIZED_INT8,2,false,165635,2926,161689,512,3.17,6486.64,5172.87,PSS,0.00,unavailable,2915,512,false,0.036,true,true,
1769601381354,instruction_medium_02,INSTRUCTION_MEDIUM,1.1,1024,QUANTIZED_INT8,0,false,68296,3202,64265,426,6.63,6486.66,5174.14,PSS,0.00,unavailable,2529,426,false,0.020,true,true,
1769601450117,instruction_medium_02,INSTRUCTION_MEDIUM,1.1,1024,QUANTIZED_INT8,1,false,110281,6785,103429,481,4.65,6486.68,5174.43,PSS,0.00,unavailable,2764,481,false,0.037,true,true,
1769601560936,instruction_medium_02,INSTRUCTION_MEDIUM,1.1,1024,QUANTIZED_INT8,2,false,57923,3767,53188,387,7.28,6487.27,5185.04,PSS,0.00,unavailable,2226,387,false,0.007,true,true,
1769601619224,instruction_medium_02,INSTRUCTION_MEDIUM,2.0,128,QUANTIZED_INT8,0,false,15515,1778,13325,128,9.61,6487.33,5196.09,PSS,0.00,unavailable,706,128,false,0.010,true,true,
1769601634946,instruction_medium_02,INSTRUCTION_MEDIUM,2.0,128,QUANTIZED_INT8,1,false,14820,1760,13024,128,9.83,6487.40,5198.19,PSS,0.00,unavailable,726,128,false,0.000,true,true,
1769601650017,instruction_medium_02,INSTRUCTION_MEDIUM,2.0,128,QUANTIZED_INT8,2,false,14919,1695,13200,128,9.70,6487.43,5198.40,PSS,0.00,unavailable,732,128,false,0.000,true,true,
1769601665148,instruction_medium_02,INSTRUCTION_MEDIUM,2.0,512,QUANTIZED_INT8,0,false,58497,1697,56776,512,9.02,6487.60,5198.29,PSS,0.00,unavailable,2878,512,false,0.010,true,true,
1769601723855,instruction_medium_02,INSTRUCTION_MEDIUM,2.0,512,QUANTIZED_INT8,1,false,37240,1720,35201,331,9.40,6487.67,5198.09,PSS,0.00,unavailable,1899,331,false,0.008,true,true,
1769601761298,instruction_medium_02,INSTRUCTION_MEDIUM,2.0,512,QUANTIZED_INT8,2,false,68954,1733,66953,512,7.65,6487.83,5198.12,PSS,0.00,unavailable,2959,512,false,0.022,true,true,
1769601830516,instruction_medium_02,INSTRUCTION_MEDIUM,2.0,1024,QUANTIZED_INT8,0,false,48443,1867,45901,381,8.30,6487.93,5200.11,PSS,0.00,unavailable,2381,381,false,0.007,true,true,
1769601879194,instruction_medium_02,INSTRUCTION_MEDIUM,2.0,1024,QUANTIZED_INT8,1,false,72037,1938,69788,585,8.38,6488.09,5200.84,PSS,0.00,unavailable,3512,585,false,0.010,true,true,
1769601951464,instruction_medium_02,INSTRUCTION_MEDIUM,2.0,1024,QUANTIZED_INT8,2,false,76145,2031,73545,590,8.02,6488.26,5202.30,PSS,0.00,unavailable,3391,590,false,0.023,true,true,
1769602027835,instruction_long_01,INSTRUCTION_LONG,0.1,128,QUANTIZED_INT8,0,false,16070,2467,13304,128,9.62,6488.34,5204.02,PSS,0.00,unavailable,541,128,false,0.021,true,true,
1769602044128,instruction_long_01,INSTRUCTION_LONG,0.1,128,QUANTIZED_INT8,1,false,16379,2372,13984,128,9.15,6488.41,5205.12,PSS,0.00,unavailable,541,128,false,0.021,true,true,
1769602060713,instruction_long_01,INSTRUCTION_LONG,0.1,128,QUANTIZED_INT8,2,false,15711,2268,13413,128,9.54,6488.47,5205.01,PSS,0.00,unavailable,541,128,false,0.021,true,true,
1769602076630,instruction_long_01,INSTRUCTION_LONG,0.1,512,QUANTIZED_INT8,0,false,64719,2514,62172,512,8.24,6488.61,5204.91,PSS,0.00,unavailable,2032,512,false,0.208,true,true,
1769602141591,instruction_long_01,INSTRUCTION_LONG,0.1,512,QUANTIZED_INT8,1,false,97384,2530,94412,512,5.42,6488.66,5197.39,PSS,0.00,unavailable,1973,512,false,0.161,true,true,
1769602239206,instruction_long_01,INSTRUCTION_LONG,0.1,512,QUANTIZED_INT8,2,false,67043,2541,63817,512,8.02,6486.43,5188.30,PSS,0.00,unavailable,1947,512,false,0.103,true,true,
1769602306470,instruction_long_01,INSTRUCTION_LONG,0.1,1024,QUANTIZED_INT8,0,false,136131,2575,133352,1024,7.68,6486.78,5188.91,PSS,0.00,unavailable,3674,1024,false,0.279,true,true,
1769602442839,instruction_long_01,INSTRUCTION_LONG,0.1,1024,QUANTIZED_INT8,1,false,139229,2567,136352,1024,7.51,6487.05,5191.70,PSS,0.00,unavailable,4215,1024,false,0.266,true,true,
1769602582339,instruction_long_01,INSTRUCTION_LONG,0.1,1024,QUANTIZED_INT8,2,false,96962,2556,94130,804,8.54,6487.17,5194.22,PSS,0.00,unavailable,3195,804,false,0.145,true,true,
1769602679517,instruction_long_01,INSTRUCTION_LONG,1.1,128,QUANTIZED_INT8,0,false,15709,2267,13417,128,9.54,6487.23,5195.05,PSS,0.00,unavailable,546,128,false,0.011,true,true,
1769602695438,instruction_long_01,INSTRUCTION_LONG,1.1,128,QUANTIZED_INT8,1,false,16473,2452,13997,128,9.14,6487.24,5195.64,PSS,0.00,unavailable,561,128,false,0.000,true,true,
1769602712129,instruction_long_01,INSTRUCTION_LONG,1.1,128,QUANTIZED_INT8,2,false,15766,2291,13452,128,9.52,6487.27,5193.57,PSS,0.00,unavailable,549,128,false,0.025,true,true,
1769602728080,instruction_long_01,INSTRUCTION_LONG,1.1,512,QUANTIZED_INT8,0,false,65850,2525,63257,512,8.09,6487.45,5191.71,PSS,0.00,unavailable,2036,512,false,0.097,true,true,
1769602794218,instruction_long_01,INSTRUCTION_LONG,1.1,512,QUANTIZED_INT8,1,false,71763,7278,63317,512,8.09,6487.59,5192.77,PSS,0.00,unavailable,2117,512,false,0.010,true,true,
1769602866281,instruction_long_01,INSTRUCTION_LONG,1.1,512,QUANTIZED_INT8,2,false,60988,2553,57901,512,8.84,6487.71,5194.65,PSS,0.00,unavailable,2146,512,false,0.010,true,true,
1769602927505,instruction_long_01,INSTRUCTION_LONG,1.1,1024,QUANTIZED_INT8,0,false,131908,2445,129382,1024,7.91,6488.02,5197.69,PSS,0.00,unavailable,3900,1024,false,0.185,true,true,
1769603059650,instruction_long_01,INSTRUCTION_LONG,1.1,1024,QUANTIZED_INT8,1,false,131210,2311,128645,1024,7.96,6488.22,5199.65,PSS,0.00,unavailable,3898,1024,false,0.278,true,true,
1769603191125,instruction_long_01,INSTRUCTION_LONG,1.1,1024,QUANTIZED_INT8,2,false,119344,2371,116689,942,8.07,6488.55,5207.50,PSS,0.00,unavailable,3620,942,false,0.090,true,true,
1769603310698,instruction_long_01,INSTRUCTION_LONG,2.0,128,QUANTIZED_INT8,0,false,15774,2299,13075,128,9.79,6488.61,5216.13,PSS,0.00,unavailable,530,128,false,0.000,true,true,
1769603326683,instruction_long_01,INSTRUCTION_LONG,2.0,128,QUANTIZED_INT8,1,false,17408,2448,14927,128,8.58,6488.60,5216.88,PSS,0.00,unavailable,583,128,false,0.019,true,true,
1769603344338,instruction_long_01,INSTRUCTION_LONG,2.0,128,QUANTIZED_INT8,2,false,16380,2461,13890,128,9.22,6488.65,5217.04,PSS,0.00,unavailable,535,128,false,0.000,true,true,
1769603360933,instruction_long_01,INSTRUCTION_LONG,2.0,512,QUANTIZED_INT8,0,false,61802,2272,59505,512,8.60,6488.88,5216.30,PSS,0.00,unavailable,2077,512,false,0.016,true,true,
1769603422952,instruction_long_01,INSTRUCTION_LONG,2.0,512,QUANTIZED_INT8,1,false,81299,5807,75102,512,6.82,6489.13,5217.88,PSS,0.00,unavailable,2072,512,false,0.027,true,true,
1769603504485,instruction_long_01,INSTRUCTION_LONG,2.0,512,QUANTIZED_INT8,2,false,65457,3335,61480,512,8.33,6489.23,5219.21,PSS,0.00,unavailable,2095,512,false,0.019,true,true,
1769603570217,instruction_long_01,INSTRUCTION_LONG,2.0,1024,QUANTIZED_INT8,0,false,99002,2826,95403,712,7.46,6489.41,5214.33,PSS,0.00,unavailable,2561,712,false,0.067,true,true,
1769603669474,instruction_long_01,INSTRUCTION_LONG,2.0,1024,QUANTIZED_INT8,1,false,136303,2526,133507,1024,7.67,6489.79,5216.29,PSS,0.00,unavailable,4078,1024,false,0.020,true,true,
1769603806012,instruction_long_01,INSTRUCTION_LONG,2.0,1024,QUANTIZED_INT8,2,false,139571,2748,136487,1024,7.50,6490.01,5223.62,PSS,0.00,unavailable,3998,1024,false,0.039,true,true,
1769603945798,creative_short_01,CREATIVE_SHORT,0.1,128,QUANTIZED_INT8,0,false,2931,1221,1349,14,10.38,6490.06,5224.06,PSS,0.00,unavailable,61,14,false,0.000,true,true,
1769603948943,creative_short_01,CREATIVE_SHORT,0.1,128,QUANTIZED_INT8,1,false,2647,985,1636,14,8.56,6490.03,5224.70,PSS,0.00,unavailable,61,14,false,0.000,true,true,
1769603951820,creative_short_01,CREATIVE_SHORT,0.1,128,QUANTIZED_INT8,2,false,2623,998,1584,14,8.84,6490.04,5227.51,PSS,0.00,unavailable,61,14,false,0.000,true,true,
1769603954692,creative_short_01,CREATIVE_SHORT,0.1,512,QUANTIZED_INT8,0,false,2704,998,1677,14,8.35,6490.08,5227.81,PSS,0.00,unavailable,59,14,false,0.000,true,true,
1769603957617,creative_short_01,CREATIVE_SHORT,0.1,512,QUANTIZED_INT8,1,false,2850,993,1829,14,7.65,6490.10,5222.26,PSS,0.00,unavailable,59,14,false,0.000,true,true,
1769603960703,creative_short_01,CREATIVE_SHORT,0.1,512,QUANTIZED_INT8,2,false,2659,1078,1544,14,9.07,6490.14,5214.96,PSS,0.00,unavailable,61,14,false,0.000,true,true,
1769603963592,creative_short_01,CREATIVE_SHORT,0.1,1024,QUANTIZED_INT8,0,false,2740,1069,1638,14,8.55,6490.16,5213.65,PSS,0.00,unavailable,61,14,false,0.000,true,true,
1769603966593,creative_short_01,CREATIVE_SHORT,0.1,1024,QUANTIZED_INT8,1,false,2860,1172,1647,14,8.50,6490.20,5214.82,PSS,0.00,unavailable,61,14,false,0.000,true,true,
1769603969703,creative_short_01,CREATIVE_SHORT,0.1,1024,QUANTIZED_INT8,2,false,2806,994,1786,15,8.40,6490.22,5215.96,PSS,0.00,unavailable,63,15,false,0.000,true,true,
1769603972738,creative_short_01,CREATIVE_SHORT,1.1,128,QUANTIZED_INT8,0,false,3376,1112,2225,19,8.54,6490.25,5216.66,PSS,0.00,unavailable,70,19,false,0.000,true,true,
1769603976373,creative_short_01,CREATIVE_SHORT,1.1,128,QUANTIZED_INT8,1,false,3460,993,2441,21,8.60,6490.31,5217.30,PSS,0.00,unavailable,76,21,false,0.000,true,true,
1769603980046,creative_short_01,CREATIVE_SHORT,1.1,128,QUANTIZED_INT8,2,false,5248,1862,3352,23,6.86,6490.36,5215.76,PSS,0.00,unavailable,84,23,false,0.000,true,true,
1769603985521,creative_short_01,CREATIVE_SHORT,1.1,512,QUANTIZED_INT8,0,false,3765,1109,2223,19,8.55,6490.40,5216.17,PSS,0.00,unavailable,77,19,false,0.000,true,true,
1769603989497,creative_short_01,CREATIVE_SHORT,1.1,512,QUANTIZED_INT8,1,false,3322,1128,2138,18,8.42,6490.42,5217.11,PSS,0.00,unavailable,71,18,false,0.000,true,true,
1769603993042,creative_short_01,CREATIVE_SHORT,1.1,512,QUANTIZED_INT8,2,false,3075,1019,2021,18,8.91,6490.45,5216.41,PSS,0.00,unavailable,73,18,false,0.000,true,true,
1769603996360,creative_short_01,CREATIVE_SHORT,1.1,1024,QUANTIZED_INT8,0,false,3195,983,2186,18,8.23,6490.49,5215.79,PSS,0.00,unavailable,70,18,false,0.000,true,true,
1769603999764,creative_short_01,CREATIVE_SHORT,1.1,1024,QUANTIZED_INT8,1,false,2786,1013,1747,15,8.59,6490.55,5215.97,PSS,0.00,unavailable,55,15,false,0.000,true,true,
1769604002765,creative_short_01,CREATIVE_SHORT,1.1,1024,QUANTIZED_INT8,2,false,2982,1006,1950,17,8.72,6490.55,5216.86,PSS,0.00,unavailable,58,17,false,0.000,true,true,
1769604005945,creative_short_01,CREATIVE_SHORT,2.0,128,QUANTIZED_INT8,0,false,3096,993,2077,17,8.18,6490.61,5219.01,PSS,0.00,unavailable,62,17,false,0.000,true,true,
1769604009321,creative_short_01,CREATIVE_SHORT,2.0,128,QUANTIZED_INT8,1,false,7683,2044,5602,16,2.86,6490.65,5216.39,PSS,0.00,unavailable,69,16,false,0.000,true,true,
1769604017303,creative_short_01,CREATIVE_SHORT,2.0,128,QUANTIZED_INT8,2,false,3821,1025,2205,19,8.62,6490.68,5218.89,PSS,0.00,unavailable,23,19,false,0.000,true,true,
1769604021359,creative_short_01,CREATIVE_SHORT,2.0,512,QUANTIZED_INT8,0,false,3748,1006,2716,19,7.00,6490.72,5218.63,PSS,0.00,unavailable,69,19,false,0.000,true,true,
1769604025318,creative_short_01,CREATIVE_SHORT,2.0,512,QUANTIZED_INT8,1,false,3006,993,1987,17,8.56,6490.76,5219.90,PSS,0.00,unavailable,67,17,false,0.000,true,true,
1769604028536,creative_short_01,CREATIVE_SHORT,2.0,512,QUANTIZED_INT8,2,false,3293,986,2279,19,8.34,6490.79,5220.85,PSS,0.00,unavailable,74,19,false,0.000,true,true,
1769604032083,creative_short_01,CREATIVE_SHORT,2.0,1024,QUANTIZED_INT8,0,false,2988,989,1973,17,8.62,6490.82,5220.21,PSS,0.00,unavailable,43,17,false,0.000,true,true,
1769604035282,creative_short_01,CREATIVE_SHORT,2.0,1024,QUANTIZED_INT8,1,false,3571,991,2554,22,8.61,6490.88,5220.48,PSS,0.00,unavailable,26,22,false,0.000,false,true,
1769604039058,creative_short_01,CREATIVE_SHORT,2.0,1024,QUANTIZED_INT8,2,false,3109,985,2097,18,8.58,6490.88,5220.72,PSS,0.00,unavailable,74,18,false,0.000,true,true,
1769604042362,creative_short_02,CREATIVE_SHORT,0.1,128,QUANTIZED_INT8,0,false,3644,1239,2376,21,8.84,6490.92,5220.90,PSS,0.00,unavailable,106,21,false,0.000,true,true,
1769604046221,creative_short_02,CREATIVE_SHORT,0.1,128,QUANTIZED_INT8,1,false,3662,1240,2396,21,8.76,6490.99,5221.25,PSS,0.00,unavailable,106,21,false,0.000,true,true,
1769604050101,creative_short_02,CREATIVE_SHORT,0.1,128,QUANTIZED_INT8,2,false,3680,1233,2422,21,8.67,6491.00,5220.48,PSS,0.00,unavailable,106,21,false,0.000,true,true,
1769604053994,creative_short_02,CREATIVE_SHORT,0.1,512,QUANTIZED_INT8,0,false,2993,1240,1727,15,8.69,6491.04,5219.70,PSS,0.00,unavailable,81,15,false,0.000,true,true,
1769604057204,creative_short_02,CREATIVE_SHORT,0.1,512,QUANTIZED_INT8,1,false,3694,1238,2430,21,8.64,6491.07,5219.78,PSS,0.00,unavailable,106,21,false,0.000,true,true,
1769604061116,creative_short_02,CREATIVE_SHORT,0.1,512,QUANTIZED_INT8,2,false,3321,1292,2002,15,7.49,6491.30,5227.56,PSS,0.00,unavailable,81,15,false,0.000,true,true,
1769604064647,creative_short_02,CREATIVE_SHORT,0.1,1024,QUANTIZED_INT8,0,false,3017,1240,1750,15,8.57,6491.32,5234.99,PSS,0.00,unavailable,81,15,false,0.000,true,true,
1769604067873,creative_short_02,CREATIVE_SHORT,0.1,1024,QUANTIZED_INT8,1,false,3008,1242,1740,15,8.62,6491.24,5234.80,PSS,0.00,unavailable,81,15,false,0.000,true,true,
1769604071093,creative_short_02,CREATIVE_SHORT,0.1,1024,QUANTIZED_INT8,2,false,3078,1240,1811,15,8.28,6491.24,5234.91,PSS,0.00,unavailable,81,15,false,0.000,true,true,
1769604074385,creative_short_02,CREATIVE_SHORT,1.1,128,QUANTIZED_INT8,0,false,3298,1245,2025,17,8.40,6491.29,5235.19,PSS,0.00,unavailable,77,17,false,0.000,true,true,
1769604077897,creative_short_02,CREATIVE_SHORT,1.1,128,QUANTIZED_INT8,1,false,2916,1240,1650,14,8.48,6491.34,5235.36,PSS,0.00,unavailable,70,14,false,0.000,true,true,
1769604081063,creative_short_02,CREATIVE_SHORT,1.1,128,QUANTIZED_INT8,2,false,4263,1280,2949,25,8.48,6491.36,5234.56,PSS,0.00,unavailable,108,25,false,0.000,true,true,
1769604085577,creative_short_02,CREATIVE_SHORT,1.1,512,QUANTIZED_INT8,0,false,3996,1235,2734,24,8.78,6491.39,5233.77,PSS,0.00,unavailable,104,24,false,0.000,true,true,
1769604089785,creative_short_02,CREATIVE_SHORT,1.1,512,QUANTIZED_INT8,1,false,4027,1238,2763,23,8.32,6491.42,5234.76,PSS,0.00,unavailable,108,23,false,0.000,true,true,
1769604094072,creative_short_02,CREATIVE_SHORT,1.1,512,QUANTIZED_INT8,2,false,4753,1333,3381,24,7.10,6491.45,5234.47,PSS,0.00,unavailable,93,24,false,0.000,true,true,
1769604099102,creative_short_02,CREATIVE_SHORT,1.1,1024,QUANTIZED_INT8,0,false,3273,1279,1959,16,8.17,6491.49,5234.05,PSS,0.00,unavailable,83,16,false,0.000,true,true,
1769604102618,creative_short_02,CREATIVE_SHORT,1.1,1024,QUANTIZED_INT8,1,false,3467,1241,2201,19,8.63,6491.55,5234.73,PSS,0.00,unavailable,92,19,false,0.000,true,true,
1769604106287,creative_short_02,CREATIVE_SHORT,1.1,1024,QUANTIZED_INT8,2,false,2601,1024,1551,14,9.03,6491.56,5222.13,PSS,0.00,unavailable,73,14,false,0.000,true,true,
1769604109085,creative_short_02,CREATIVE_SHORT,2.0,128,QUANTIZED_INT8,0,false,3663,1244,2390,20,8.37,6486.58,5209.01,PSS,0.00,unavailable,89,20,false,0.000,true,true,
1769604112980,creative_short_02,CREATIVE_SHORT,2.0,128,QUANTIZED_INT8,1,false,4021,1224,2770,23,8.30,6486.64,5210.22,PSS,0.00,unavailable,84,23,false,0.000,true,true,
1769604117219,creative_short_02,CREATIVE_SHORT,2.0,128,QUANTIZED_INT8,2,false,2682,1237,1419,12,8.46,6486.66,5211.09,PSS,0.00,unavailable,55,12,false,0.000,true,true,
1769604120116,creative_short_02,CREATIVE_SHORT,2.0,512,QUANTIZED_INT8,0,false,4453,1240,3186,27,8.47,6486.69,5212.11,PSS,0.00,unavailable,124,27,false,0.000,true,true,
1769604124781,creative_short_02,CREATIVE_SHORT,2.0,512,QUANTIZED_INT8,1,false,3530,1279,2225,19,8.54,6486.73,5210.69,PSS,0.00,unavailable,79,19,false,0.000,true,true,
1769604128523,creative_short_02,CREATIVE_SHORT,2.0,512,QUANTIZED_INT8,2,false,3601,1242,2332,19,8.15,6486.77,5210.43,PSS,0.00,unavailable,88,19,false,0.000,true,true,
1769604132338,creative_short_02,CREATIVE_SHORT,2.0,1024,QUANTIZED_INT8,0,false,3511,1235,2250,19,8.44,6486.82,5209.69,PSS,0.00,unavailable,91,19,false,0.000,true,true,
1769604136096,creative_short_02,CREATIVE_SHORT,2.0,1024,QUANTIZED_INT8,1,false,3615,1349,2229,19,8.52,6486.87,5206.21,PSS,0.00,unavailable,66,19,false,0.000,true,true,
1769604139962,creative_short_02,CREATIVE_SHORT,2.0,1024,QUANTIZED_INT8,2,false,4122,1393,2703,23,8.51,6486.88,5203.56,PSS,0.00,unavailable,140,23,false,0.000,true,true,
1769604144280,creative_medium_01,CREATIVE_MEDIUM,0.1,128,QUANTIZED_INT8,0,false,16924,1872,15009,128,8.53,6486.93,5202.35,PSS,0.00,unavailable,604,128,false,0.020,true,true,
1769604161458,creative_medium_01,CREATIVE_MEDIUM,0.1,128,QUANTIZED_INT8,1,false,16966,1915,15025,128,8.52,6487.01,5203.96,PSS,0.00,unavailable,626,128,false,0.059,true,true,
1769604178633,creative_medium_01,CREATIVE_MEDIUM,0.1,128,QUANTIZED_INT8,2,false,17253,1893,15289,128,8.37,6487.06,5203.24,PSS,0.00,unavailable,607,128,false,0.050,true,true,
1769604196097,creative_medium_01,CREATIVE_MEDIUM,0.1,512,QUANTIZED_INT8,0,false,65274,1863,63384,512,8.08,6487.29,5204.81,PSS,0.00,unavailable,2371,512,false,0.042,true,true,
1769604261581,creative_medium_01,CREATIVE_MEDIUM,0.1,512,QUANTIZED_INT8,1,false,63089,1869,61193,500,8.17,6487.39,5207.88,PSS,0.00,unavailable,2461,500,false,0.038,true,true,
1769604324888,creative_medium_01,CREATIVE_MEDIUM,0.1,512,QUANTIZED_INT8,2,false,72140,1868,70245,512,7.29,6487.66,5203.61,PSS,0.00,unavailable,2429,512,false,0.078,true,true,
1769604397247,creative_medium_01,CREATIVE_MEDIUM,0.1,1024,QUANTIZED_INT8,0,false,78045,1962,75555,606,8.02,6487.81,5199.60,PSS,0.00,unavailable,3046,606,false,0.094,true,true,
1769604475550,creative_medium_01,CREATIVE_MEDIUM,0.1,1024,QUANTIZED_INT8,1,false,70359,1873,68175,555,8.14,6487.94,5200.27,PSS,0.00,unavailable,2756,555,false,0.036,true,true,
1769604546141,creative_medium_01,CREATIVE_MEDIUM,0.1,1024,QUANTIZED_INT8,2,false,77005,1873,75105,597,7.95,6488.09,5199.03,PSS,0.00,unavailable,2816,597,false,0.093,true,true,
1769604623359,creative_medium_01,CREATIVE_MEDIUM,1.1,128,QUANTIZED_INT8,0,false,17485,1929,15176,128,8.43,6488.13,5200.02,PSS,0.00,unavailable,627,128,false,0.010,true,true,
1769604641109,creative_medium_01,CREATIVE_MEDIUM,1.1,128,QUANTIZED_INT8,1,false,17038,1877,15132,128,8.46,6488.19,5202.59,PSS,0.00,unavailable,595,128,false,0.038,true,true,
1769604658357,creative_medium_01,CREATIVE_MEDIUM,1.1,128,QUANTIZED_INT8,2,false,17088,1864,15194,128,8.42,6488.26,5201.17,PSS,0.00,unavailable,687,128,false,0.010,true,true,
1769604675649,creative_medium_01,CREATIVE_MEDIUM,1.1,512,QUANTIZED_INT8,0,false,65103,1882,62784,512,8.15,6488.45,5200.15,PSS,0.00,unavailable,2479,512,false,0.046,true,true,
1769604740961,creative_medium_01,CREATIVE_MEDIUM,1.1,512,QUANTIZED_INT8,1,false,61739,1905,59532,485,8.15,6488.57,5203.25,PSS,0.00,unavailable,2409,485,false,0.032,true,true,
1769604802923,creative_medium_01,CREATIVE_MEDIUM,1.1,512,QUANTIZED_INT8,2,false,53962,1862,52074,424,8.14,6488.70,5206.05,PSS,0.00,unavailable,2295,424,false,0.054,true,true,
1769604857101,creative_medium_01,CREATIVE_MEDIUM,1.1,1024,QUANTIZED_INT8,0,false,68919,1867,67025,536,8.00,6488.94,5206.73,PSS,0.00,unavailable,2683,536,false,0.049,true,true,
1769604926242,creative_medium_01,CREATIVE_MEDIUM,1.1,1024,QUANTIZED_INT8,1,false,97885,2004,95726,758,7.92,6489.14,5209.65,PSS,0.00,unavailable,3707,758,false,0.039,true,true,
1769605024363,creative_medium_01,CREATIVE_MEDIUM,1.1,1024,QUANTIZED_INT8,2,false,48358,2010,46054,378,8.21,6489.24,5210.93,PSS,0.00,unavailable,1878,378,false,0.029,true,true,
1769605072939,creative_medium_01,CREATIVE_MEDIUM,2.0,128,QUANTIZED_INT8,0,false,17284,1893,15243,128,8.40,6489.30,5211.30,PSS,0.00,unavailable,597,128,false,0.040,true,true,
1769605090453,creative_medium_01,CREATIVE_MEDIUM,2.0,128,QUANTIZED_INT8,1,false,16953,1876,15050,128,8.50,6489.34,5211.14,PSS,0.00,unavailable,615,128,false,0.010,true,true,
1769605107654,creative_medium_01,CREATIVE_MEDIUM,2.0,128,QUANTIZED_INT8,2,false,17116,1871,15217,128,8.41,6489.38,5210.94,PSS,0.00,unavailable,602,128,false,0.000,true,true,
1769605124982,creative_medium_01,CREATIVE_MEDIUM,2.0,512,QUANTIZED_INT8,0,false,69854,1870,67957,512,7.53,6489.57,5212.07,PSS,0.00,unavailable,2678,512,false,0.031,true,true,
1769605195076,creative_medium_01,CREATIVE_MEDIUM,2.0,512,QUANTIZED_INT8,1,false,64833,1946,62542,512,8.19,6489.77,5212.21,PSS,0.00,unavailable,2575,512,false,0.017,true,true,
1769605260145,creative_medium_01,CREATIVE_MEDIUM,2.0,512,QUANTIZED_INT8,2,false,66975,1872,65011,512,7.88,6489.90,5212.48,PSS,0.00,unavailable,2469,512,false,0.005,true,true,
1769605327377,creative_medium_01,CREATIVE_MEDIUM,2.0,1024,QUANTIZED_INT8,0,false,113062,1925,110774,858,7.75,6490.14,5215.90,PSS,0.00,unavailable,4490,858,false,0.013,true,true,
1769605440664,creative_medium_01,CREATIVE_MEDIUM,2.0,1024,QUANTIZED_INT8,1,false,70555,1866,68662,540,7.86,6490.26,5216.61,PSS,0.00,unavailable,2712,540,false,0.007,true,true,
1769605511478,creative_medium_01,CREATIVE_MEDIUM,2.0,1024,QUANTIZED_INT8,2,false,68333,2133,65775,529,8.04,6490.43,5216.98,PSS,0.00,unavailable,2749,529,false,0.005,true,true,
1769605580085,creative_medium_02,CREATIVE_MEDIUM,0.1,128,QUANTIZED_INT8,0,false,17692,2096,15303,128,8.36,6490.49,5220.45,PSS,0.00,unavailable,702,128,false,0.000,true,true,
1769605598002,creative_medium_02,CREATIVE_MEDIUM,0.1,128,QUANTIZED_INT8,1,false,17259,2057,15173,128,8.44,6490.54,5219.06,PSS,0.00,unavailable,666,128,false,0.010,true,true,
1769605615482,creative_medium_02,CREATIVE_MEDIUM,0.1,128,QUANTIZED_INT8,2,false,17540,2053,15460,128,8.28,6490.56,5220.21,PSS,0.00,unavailable,651,128,false,0.000,true,true,
1769605633235,creative_medium_02,CREATIVE_MEDIUM,0.1,512,QUANTIZED_INT8,0,false,66813,2053,64734,512,7.91,6490.73,5219.90,PSS,0.00,unavailable,2857,512,false,0.046,true,true,
1769605700290,creative_medium_02,CREATIVE_MEDIUM,0.1,512,QUANTIZED_INT8,1,false,66127,2109,63714,512,8.04,6490.90,5220.98,PSS,0.00,unavailable,2907,512,false,0.014,true,true,
1769605766640,creative_medium_02,CREATIVE_MEDIUM,0.1,512,QUANTIZED_INT8,2,false,65668,2242,63101,512,8.11,6491.04,5222.24,PSS,0.00,unavailable,2770,512,false,0.027,true,true,
1769605832533,creative_medium_02,CREATIVE_MEDIUM,0.1,1024,QUANTIZED_INT8,0,false,68436,2137,65916,527,8.00,6491.25,5223.00,PSS,0.00,unavailable,2984,527,false,0.063,true,true,
1769605901184,creative_medium_02,CREATIVE_MEDIUM,0.1,1024,QUANTIZED_INT8,1,false,76763,2052,74451,587,7.88,6491.41,5223.46,PSS,0.00,unavailable,3414,587,false,0.023,true,true,
1769605978183,creative_medium_02,CREATIVE_MEDIUM,0.1,1024,QUANTIZED_INT8,2,false,84546,2095,82305,645,7.84,6491.60,5223.94,PSS,0.00,unavailable,3712,645,false,0.074,true,true,
1769606062951,creative_medium_02,CREATIVE_MEDIUM,1.1,128,QUANTIZED_INT8,0,false,18027,2068,15571,128,8.22,6491.66,5225.29,PSS,0.00,unavailable,626,128,false,0.010,true,true,
1769606081191,creative_medium_02,CREATIVE_MEDIUM,1.1,128,QUANTIZED_INT8,1,false,17412,2046,15334,128,8.35,6491.69,5213.33,PSS,0.00,unavailable,624,128,false,0.000,true,true,
1769606098833,creative_medium_02,CREATIVE_MEDIUM,1.1,128,QUANTIZED_INT8,2,false,17554,2044,15484,128,8.27,6486.85,5198.15,PSS,0.00,unavailable,712,128,false,0.000,true,true,
1769606116596,creative_medium_02,CREATIVE_MEDIUM,1.1,512,QUANTIZED_INT8,0,false,66826,2057,64743,512,7.91,6486.97,5198.74,PSS,0.00,unavailable,2935,512,false,0.007,true,true,
1769606183630,creative_medium_02,CREATIVE_MEDIUM,1.1,512,QUANTIZED_INT8,1,false,66424,2128,64269,512,7.97,6487.15,5198.03,PSS,0.00,unavailable,3006,512,false,0.002,true,true,
1769606250270,creative_medium_02,CREATIVE_MEDIUM,1.1,512,QUANTIZED_INT8,2,false,65592,2148,62972,512,8.13,6487.29,5196.88,PSS,0.00,unavailable,2948,512,false,0.012,true,true,
1769606316119,creative_medium_02,CREATIVE_MEDIUM,1.1,1024,QUANTIZED_INT8,0,false,81582,2063,79487,631,7.94,6487.48,5198.00,PSS,0.00,unavailable,3621,631,false,0.015,true,true,
1769606397929,creative_medium_02,CREATIVE_MEDIUM,1.1,1024,QUANTIZED_INT8,1,false,96574,2059,94487,745,7.88,6487.65,5199.04,PSS,0.00,unavailable,4107,745,false,0.021,true,true,
1769606494737,creative_medium_02,CREATIVE_MEDIUM,1.1,1024,QUANTIZED_INT8,2,false,83187,2051,81086,644,7.94,6487.79,5199.94,PSS,0.00,unavailable,3614,644,false,0.030,true,true,
1769606578146,creative_medium_02,CREATIVE_MEDIUM,2.0,128,QUANTIZED_INT8,0,false,17276,2058,15112,128,8.47,6487.86,5201.93,PSS,0.00,unavailable,656,128,false,0.000,true,true,
1769606595637,creative_medium_02,CREATIVE_MEDIUM,2.0,128,QUANTIZED_INT8,1,false,17536,2059,15450,128,8.28,6487.88,5202.19,PSS,0.00,unavailable,648,128,false,0.000,true,true,
1769606613388,creative_medium_02,CREATIVE_MEDIUM,2.0,128,QUANTIZED_INT8,2,false,17248,2059,15161,128,8.44,6487.91,5202.34,PSS,0.00,unavailable,586,128,false,0.000,true,true,
1769606630862,creative_medium_02,CREATIVE_MEDIUM,2.0,512,QUANTIZED_INT8,0,false,66517,2063,64427,512,7.95,6488.12,5201.45,PSS,0.00,unavailable,2915,512,false,0.002,true,true,
1769606697596,creative_medium_02,CREATIVE_MEDIUM,2.0,512,QUANTIZED_INT8,1,false,66491,2200,63904,512,8.01,6488.24,5201.70,PSS,0.00,unavailable,2946,512,false,0.010,true,true,
1769606764310,creative_medium_02,CREATIVE_MEDIUM,2.0,512,QUANTIZED_INT8,2,false,65931,2112,63493,512,8.06,6488.41,5205.85,PSS,0.00,unavailable,3142,512,false,0.000,true,true,
1769606830457,creative_medium_02,CREATIVE_MEDIUM,2.0,1024,QUANTIZED_INT8,0,false,90205,2060,88118,679,7.71,6488.61,5207.37,PSS,0.00,unavailable,4031,679,false,0.000,true,true,
1769606920887,creative_medium_02,CREATIVE_MEDIUM,2.0,1024,QUANTIZED_INT8,1,false,88298,2148,85604,679,7.93,6488.77,5207.58,PSS,0.00,unavailable,3976,679,false,0.002,true,true,
1769607009442,creative_medium_02,CREATIVE_MEDIUM,2.0,1024,QUANTIZED_INT8,2,false,125743,2128,123312,931,7.55,6489.18,5208.20,PSS,0.00,unavailable,5304,931,false,0.004,true,true,
1769607135399,creative_long_01,CREATIVE_LONG,0.1,128,QUANTIZED_INT8,0,false,18739,2972,15442,128,8.29,6489.25,5211.72,PSS,0.00,unavailable,609,128,false,0.000,true,true,
1769607154352,creative_long_01,CREATIVE_LONG,0.1,128,QUANTIZED_INT8,1,false,17996,2919,15050,128,8.50,6489.32,5211.57,PSS,0.00,unavailable,637,128,false,0.000,true,true,
1769607172579,creative_long_01,CREATIVE_LONG,0.1,128,QUANTIZED_INT8,2,false,18263,2915,15317,128,8.36,6489.36,5211.83,PSS,0.00,unavailable,611,128,false,0.000,true,true,
1769607191059,creative_long_01,CREATIVE_LONG,0.1,512,QUANTIZED_INT8,0,false,66048,2911,63110,512,8.11,6489.54,5213.72,PSS,0.00,unavailable,2354,512,false,0.055,true,true,
1769607257326,creative_long_01,CREATIVE_LONG,0.1,512,QUANTIZED_INT8,1,false,67634,2914,64692,512,7.91,6489.72,5213.69,PSS,0.00,unavailable,2535,512,false,0.014,true,true,
1769607325218,creative_long_01,CREATIVE_LONG,0.1,512,QUANTIZED_INT8,2,false,66657,3032,63328,512,8.08,6489.83,5213.46,PSS,0.00,unavailable,2498,512,false,0.025,true,true,
1769607392114,creative_long_01,CREATIVE_LONG,0.1,1024,QUANTIZED_INT8,0,false,74976,2928,71988,576,8.00,6490.00,5214.41,PSS,0.00,unavailable,2777,576,false,0.010,true,true,
1769607467323,creative_long_01,CREATIVE_LONG,0.1,1024,QUANTIZED_INT8,1,false,76270,2923,73290,580,7.91,6490.13,5217.23,PSS,0.00,unavailable,2852,580,false,0.050,true,true,
1769607543843,creative_long_01,CREATIVE_LONG,0.1,1024,QUANTIZED_INT8,2,false,67545,2953,64289,518,8.06,6490.33,5218.40,PSS,0.00,unavailable,2487,518,false,0.038,true,true,
1769607611621,creative_long_01,CREATIVE_LONG,1.1,128,QUANTIZED_INT8,0,false,17876,2899,14924,128,8.58,6490.36,5219.82,PSS,0.00,unavailable,644,128,false,0.000,true,true,
1769607629728,creative_long_01,CREATIVE_LONG,1.1,128,QUANTIZED_INT8,1,false,18337,2924,15385,128,8.32,6490.41,5218.04,PSS,0.00,unavailable,652,128,false,0.000,true,true,
1769607648316,creative_long_01,CREATIVE_LONG,1.1,128,QUANTIZED_INT8,2,false,18730,3109,15063,128,8.50,6490.46,5219.44,PSS,0.00,unavailable,603,128,false,0.000,true,true,
1769607667286,creative_long_01,CREATIVE_LONG,1.1,512,QUANTIZED_INT8,0,false,66149,2918,63201,512,8.10,6490.62,5220.68,PSS,0.00,unavailable,2522,512,false,0.005,true,true,
1769607733652,creative_long_01,CREATIVE_LONG,1.1,512,QUANTIZED_INT8,1,false,67563,3083,64136,512,7.98,6490.74,5222.06,PSS,0.00,unavailable,2501,512,false,0.007,true,true,
1769607801426,creative_long_01,CREATIVE_LONG,1.1,512,QUANTIZED_INT8,2,false,67431,2910,64494,512,7.94,6490.87,5223.35,PSS,0.00,unavailable,2509,512,false,0.017,true,true,
1769607869065,creative_long_01,CREATIVE_LONG,1.1,1024,QUANTIZED_INT8,0,false,97537,2904,94606,727,7.68,6491.08,5222.76,PSS,0.00,unavailable,3643,727,false,0.021,true,true,
1769607966854,creative_long_01,CREATIVE_LONG,1.1,1024,QUANTIZED_INT8,1,false,91191,2958,87963,699,7.95,6491.28,5224.71,PSS,0.00,unavailable,3617,699,false,0.010,true,true,
1769608058266,creative_long_01,CREATIVE_LONG,1.1,1024,QUANTIZED_INT8,2,false,89581,2917,86637,622,7.18,6491.46,5226.11,PSS,0.00,unavailable,3166,622,false,0.017,true,true,
1769608148075,creative_long_01,CREATIVE_LONG,2.0,128,QUANTIZED_INT8,0,false,18451,2937,15198,128,8.42,6491.52,5227.28,PSS,0.00,unavailable,521,128,false,0.000,true,true,
1769608166744,creative_long_01,CREATIVE_LONG,2.0,128,QUANTIZED_INT8,1,false,18109,2909,15172,128,8.44,6491.57,5228.49,PSS,0.00,unavailable,603,128,false,0.000,true,true,
1769608185048,creative_long_01,CREATIVE_LONG,2.0,128,QUANTIZED_INT8,2,false,18109,2911,15172,128,8.44,6491.66,5229.22,PSS,0.00,unavailable,649,128,false,0.000,true,true,
1769608203370,creative_long_01,CREATIVE_LONG,2.0,512,QUANTIZED_INT8,0,false,65676,2908,62740,486,7.75,6491.83,5229.06,PSS,0.00,unavailable,2464,486,false,0.000,true,true,
1769608269274,creative_long_01,CREATIVE_LONG,2.0,512,QUANTIZED_INT8,1,false,61904,4191,57127,442,7.74,6491.86,5212.36,PSS,0.00,unavailable,2170,442,false,0.003,true,true,
1769608331481,creative_long_01,CREATIVE_LONG,2.0,512,QUANTIZED_INT8,2,false,68605,2987,65245,512,7.85,6487.29,5195.91,PSS,0.00,unavailable,2490,512,false,0.010,true,true,
1769608400299,creative_long_01,CREATIVE_LONG,2.0,1024,QUANTIZED_INT8,0,false,116201,2918,113219,829,7.32,6487.51,5197.11,PSS,0.00,unavailable,4358,829,false,0.001,true,true,
1769608516719,creative_long_01,CREATIVE_LONG,2.0,1024,QUANTIZED_INT8,1,false,105418,3059,101962,785,7.70,6487.73,5198.27,PSS,0.00,unavailable,4008,785,false,0.003,true,true,
1769608622371,creative_long_01,CREATIVE_LONG,2.0,1024,QUANTIZED_INT8,2,false,27930,2916,24906,193,7.75,6487.78,5198.06,PSS,0.00,unavailable,960,193,false,0.000,true,true,
1769608650525,edge_vshort_01,EDGE_VERY_SHORT,0.1,128,QUANTIZED_INT8,0,false,8595,686,7555,64,8.47,6487.80,5196.45,PSS,0.00,unavailable,291,64,false,0.000,true,true,
1769608659323,edge_vshort_01,EDGE_VERY_SHORT,0.1,128,QUANTIZED_INT8,1,false,8051,596,7395,63,8.52,6487.83,5197.10,PSS,0.00,unavailable,289,63,false,0.000,true,true,
1769608667601,edge_vshort_01,EDGE_VERY_SHORT,0.1,128,QUANTIZED_INT8,2,false,8165,598,7541,63,8.35,6487.92,5198.37,PSS,0.00,unavailable,289,63,false,0.000,true,true,
1769608675979,edge_vshort_01,EDGE_VERY_SHORT,0.1,512,QUANTIZED_INT8,0,false,8213,592,7596,63,8.29,6487.98,5199.47,PSS,0.00,unavailable,289,63,false,0.000,true,true,
1769608684418,edge_vshort_01,EDGE_VERY_SHORT,0.1,512,QUANTIZED_INT8,1,false,12003,600,11376,88,7.74,6488.05,5198.88,PSS,0.00,unavailable,428,88,false,0.000,true,true,
1769608696679,edge_vshort_01,EDGE_VERY_SHORT,0.1,512,QUANTIZED_INT8,2,false,10087,653,9395,70,7.45,6488.10,5197.25,PSS,0.00,unavailable,310,70,false,0.000,true,true,
1769608707055,edge_vshort_01,EDGE_VERY_SHORT,0.1,1024,QUANTIZED_INT8,0,false,10857,626,10046,87,8.66,6488.16,5198.38,PSS,0.00,unavailable,424,87,false,0.000,true,true,
1769608718153,edge_vshort_01,EDGE_VERY_SHORT,0.1,1024,QUANTIZED_INT8,1,false,10609,594,9987,86,8.61,6488.21,5198.25,PSS,0.00,unavailable,426,86,false,0.000,true,true,
1769608728971,edge_vshort_01,EDGE_VERY_SHORT,0.1,1024,QUANTIZED_INT8,2,false,10093,591,9475,64,6.75,6488.23,5197.66,PSS,0.00,unavailable,291,64,false,0.000,true,true,
1769608739269,edge_vshort_01,EDGE_VERY_SHORT,1.1,128,QUANTIZED_INT8,0,false,16523,817,15433,128,8.29,6488.43,5198.07,PSS,0.00,unavailable,659,128,false,0.030,true,true,
1769608756018,edge_vshort_01,EDGE_VERY_SHORT,1.1,128,QUANTIZED_INT8,1,false,10933,612,9956,85,8.54,6488.37,5200.57,PSS,0.00,unavailable,385,85,false,0.000,true,true,
1769608767162,edge_vshort_01,EDGE_VERY_SHORT,1.1,128,QUANTIZED_INT8,2,false,11836,593,11218,94,8.38,6488.38,5201.10,PSS,0.00,unavailable,442,94,false,0.000,true,true,
1769608779192,edge_vshort_01,EDGE_VERY_SHORT,1.1,512,QUANTIZED_INT8,0,false,8891,591,8274,68,8.22,6488.44,5201.50,PSS,0.00,unavailable,333,68,false,0.000,true,true,
1769608788293,edge_vshort_01,EDGE_VERY_SHORT,1.1,512,QUANTIZED_INT8,1,false,7769,588,7155,58,8.11,6488.48,5202.00,PSS,0.00,unavailable,277,58,false,0.000,true,true,
1769608796268,edge_vshort_01,EDGE_VERY_SHORT,1.1,512,QUANTIZED_INT8,2,false,15039,595,14417,119,8.25,6488.50,5201.85,PSS,0.00,unavailable,628,119,false,0.020,true,true,
1769608811513,edge_vshort_01,EDGE_VERY_SHORT,1.1,1024,QUANTIZED_INT8,0,false,13746,588,13132,110,8.38,6488.58,5203.46,PSS,0.00,unavailable,536,110,false,0.022,true,true,
1769608825471,edge_vshort_01,EDGE_VERY_SHORT,1.1,1024,QUANTIZED_INT8,1,false,9599,594,8978,76,8.47,6488.65,5205.04,PSS,0.00,unavailable,376,76,false,0.000,true,true,
1769608835278,edge_vshort_01,EDGE_VERY_SHORT,1.1,1024,QUANTIZED_INT8,2,false,12732,594,12110,102,8.42,6488.66,5204.66,PSS,0.00,unavailable,502,102,false,0.000,true,true,
1769608848214,edge_vshort_01,EDGE_VERY_SHORT,2.0,128,QUANTIZED_INT8,0,false,15845,600,15220,128,8.41,6488.74,5204.66,PSS,0.00,unavailable,632,128,false,0.000,true,true,
1769608864265,edge_vshort_01,EDGE_VERY_SHORT,2.0,128,QUANTIZED_INT8,1,false,16088,593,15468,128,8.28,6488.80,5205.28,PSS,0.00,unavailable,628,128,false,0.011,true,true,
1769608880561,edge_vshort_01,EDGE_VERY_SHORT,2.0,128,QUANTIZED_INT8,2,false,8535,594,7914,65,8.21,6488.82,5205.59,PSS,0.00,unavailable,359,65,false,0.000,true,true,
1769608889301,edge_vshort_01,EDGE_VERY_SHORT,2.0,512,QUANTIZED_INT8,0,false,12849,594,12228,99,8.10,6488.88,5204.83,PSS,0.00,unavailable,487,99,false,0.012,true,true,
1769608902355,edge_vshort_01,EDGE_VERY_SHORT,2.0,512,QUANTIZED_INT8,1,false,9225,605,8482,71,8.37,6488.90,5204.15,PSS,0.00,unavailable,326,71,false,0.000,true,true,
1769608911789,edge_vshort_01,EDGE_VERY_SHORT,2.0,512,QUANTIZED_INT8,2,false,18687,589,18071,151,8.36,6488.98,5204.67,PSS,0.00,unavailable,749,151,false,0.008,true,true,
1769608930713,edge_vshort_01,EDGE_VERY_SHORT,2.0,1024,QUANTIZED_INT8,0,false,19915,593,19294,160,8.29,6489.03,5205.88,PSS,0.00,unavailable,827,160,false,0.015,true,true,
1769608950835,edge_vshort_01,EDGE_VERY_SHORT,2.0,1024,QUANTIZED_INT8,1,false,11221,594,10601,90,8.49,6489.08,5207.06,PSS,0.00,unavailable,452,90,false,0.000,true,true,
1769608962261,edge_vshort_01,EDGE_VERY_SHORT,2.0,1024,QUANTIZED_INT8,2,false,37580,592,36962,302,8.17,6489.14,5207.32,PSS,0.00,unavailable,1562,302,false,0.053,true,true,
1769609000049,edge_vshort_02,EDGE_VERY_SHORT,0.1,128,QUANTIZED_INT8,0,false,16323,592,15705,128,8.15,6489.21,5208.06,PSS,0.00,unavailable,635,128,false,0.019,true,true,
1769609016567,edge_vshort_02,EDGE_VERY_SHORT,0.1,128,QUANTIZED_INT8,1,false,9181,591,8564,50,5.84,6489.25,5206.94,PSS,0.00,unavailable,257,50,false,0.000,true,true,
1769609025944,edge_vshort_02,EDGE_VERY_SHORT,0.1,128,QUANTIZED_INT8,2,false,16980,1105,15548,128,8.23,6489.33,5208.87,PSS,0.00,unavailable,598,128,false,0.000,true,true,
1769609043169,edge_vshort_02,EDGE_VERY_SHORT,0.1,512,QUANTIZED_INT8,0,false,6937,637,6005,50,8.33,6489.37,5210.16,PSS,0.00,unavailable,261,50,false,0.000,true,true,
1769609050316,edge_vshort_02,EDGE_VERY_SHORT,0.1,512,QUANTIZED_INT8,1,false,16150,593,15531,130,8.37,6489.45,5210.70,PSS,0.00,unavailable,639,130,false,0.009,true,true,
1769609066676,edge_vshort_02,EDGE_VERY_SHORT,0.1,512,QUANTIZED_INT8,2,false,9255,593,8636,72,8.34,6489.47,5209.16,PSS,0.00,unavailable,367,72,false,0.000,true,true,
1769609076143,edge_vshort_02,EDGE_VERY_SHORT,0.1,1024,QUANTIZED_INT8,0,false,16042,623,15392,131,8.51,6489.51,5207.48,PSS,0.00,unavailable,610,131,false,0.019,true,true,
1769609092399,edge_vshort_02,EDGE_VERY_SHORT,0.1,1024,QUANTIZED_INT8,1,false,10493,590,9877,84,8.50,6489.59,5208.79,PSS,0.00,unavailable,422,84,false,0.000,true,true,
1769609103100,edge_vshort_02,EDGE_VERY_SHORT,0.1,1024,QUANTIZED_INT8,2,false,27695,587,27082,230,8.49,6489.66,5209.96,PSS,0.00,unavailable,1101,230,false,0.038,true,true,
1769609131010,edge_vshort_02,EDGE_VERY_SHORT,1.1,128,QUANTIZED_INT8,0,false,16010,593,15265,128,8.39,6489.68,5209.53,PSS,0.00,unavailable,258,128,false,0.000,true,true,
1769609147267,edge_vshort_02,EDGE_VERY_SHORT,1.1,128,QUANTIZED_INT8,1,false,15611,593,14988,126,8.41,6489.74,5211.02,PSS,0.00,unavailable,657,126,false,0.000,true,true,
1769609163088,edge_vshort_02,EDGE_VERY_SHORT,1.1,128,QUANTIZED_INT8,2,false,14720,588,14106,115,8.15,6489.77,5211.02,PSS,0.00,unavailable,625,115,false,0.000,true,true,
1769609178021,edge_vshort_02,EDGE_VERY_SHORT,1.1,512,QUANTIZED_INT8,0,false,35775,610,35086,293,8.35,6489.86,5210.81,PSS,0.00,unavailable,1366,293,false,0.040,true,true,
1769609214006,edge_vshort_02,EDGE_VERY_SHORT,1.1,512,QUANTIZED_INT8,1,false,64832,596,64209,512,7.97,6490.03,5212.58,PSS,0.00,unavailable,2805,512,false,0.010,true,true,
1769609279051,edge_vshort_02,EDGE_VERY_SHORT,1.1,512,QUANTIZED_INT8,2,false,65491,588,64768,512,7.91,6490.15,5216.48,PSS,0.00,unavailable,2380,512,false,0.076,true,true,
1769609344747,edge_vshort_02,EDGE_VERY_SHORT,1.1,1024,QUANTIZED_INT8,0,false,7901,590,7284,59,8.10,6490.21,5216.94,PSS,0.00,unavailable,304,59,false,0.000,true,true,
1769609352859,edge_vshort_02,EDGE_VERY_SHORT,1.1,1024,QUANTIZED_INT8,1,false,12074,594,11454,94,8.21,6490.23,5216.43,PSS,0.00,unavailable,493,94,false,0.000,true,true,
1769609365142,edge_vshort_02,EDGE_VERY_SHORT,1.1,1024,QUANTIZED_INT8,2,false,44575,594,43955,344,7.83,6490.33,5214.49,PSS,0.00,unavailable,588,344,false,0.000,true,true,
1769609409932,edge_vshort_02,EDGE_VERY_SHORT,2.0,128,QUANTIZED_INT8,0,false,16349,633,15183,128,8.43,6490.37,5215.33,PSS,0.00,unavailable,600,128,false,0.031,true,true,
1769609426486,edge_vshort_02,EDGE_VERY_SHORT,2.0,128,QUANTIZED_INT8,1,false,15835,592,15216,128,8.41,6490.41,5216.84,PSS,0.00,unavailable,519,128,false,0.000,true,true,
1769609442528,edge_vshort_02,EDGE_VERY_SHORT,2.0,128,QUANTIZED_INT8,2,false,12487,591,11870,98,8.26,6490.45,5215.84,PSS,0.00,unavailable,470,98,false,0.000,true,true,
1769609455225,edge_vshort_02,EDGE_VERY_SHORT,2.0,512,QUANTIZED_INT8,0,false,10252,650,9275,78,8.41,6490.53,5216.07,PSS,0.00,unavailable,376,78,false,0.000,true,true,
1769609465712,edge_vshort_02,EDGE_VERY_SHORT,2.0,512,QUANTIZED_INT8,1,false,31283,585,30671,253,8.25,6490.59,5217.34,PSS,0.00,unavailable,992,253,false,0.023,true,true,
1769609497205,edge_vshort_02,EDGE_VERY_SHORT,2.0,512,QUANTIZED_INT8,2,false,65234,592,64616,512,7.92,6490.73,5217.55,PSS,0.00,unavailable,1838,512,false,0.193,true,true,
1769609562662,edge_vshort_02,EDGE_VERY_SHORT,2.0,1024,QUANTIZED_INT8,0,false,14905,609,13949,117,8.39,6490.78,5218.07,PSS,0.00,unavailable,643,117,false,0.000,true,true,
1769609577778,edge_vshort_02,EDGE_VERY_SHORT,2.0,1024,QUANTIZED_INT8,1,false,53431,594,52811,428,8.10,6490.90,5219.38,PSS,0.00,unavailable,1170,428,false,0.011,true,true,
1769609631431,edge_vshort_02,EDGE_VERY_SHORT,2.0,1024,QUANTIZED_INT8,2,false,7442,667,6378,54,8.47,6490.95,5221.26,PSS,0.00,unavailable,287,54,false,0.000,true,true,
1769609639096,edge_vlong_01,EDGE_VERY_LONG,0.1,128,QUANTIZED_INT8,0,false,26232,10369,15822,128,8.09,6492.03,5230.24,PSS,0.00,unavailable,671,128,false,0.000,true,true,
1769609665524,edge_vlong_01,EDGE_VERY_LONG,0.1,128,QUANTIZED_INT8,1,false,26332,10245,16055,128,7.97,6492.15,5239.12,PSS,0.00,unavailable,668,128,false,0.000,true,true,
1769609692079,edge_vlong_01,EDGE_VERY_LONG,0.1,128,QUANTIZED_INT8,2,false,27301,11696,15458,128,8.28,6492.26,5244.38,PSS,0.00,unavailable,682,128,false,0.070,true,true,
1769609719597,edge_vlong_01,EDGE_VERY_LONG,0.1,512,QUANTIZED_INT8,0,false,77227,10364,66572,512,7.69,6492.47,5251.05,PSS,0.00,unavailable,2565,512,false,0.080,true,true,
1769609797048,edge_vlong_01,EDGE_VERY_LONG,0.1,512,QUANTIZED_INT8,1,false,76860,10369,66193,512,7.73,6492.62,5245.31,PSS,0.00,unavailable,2679,512,false,0.045,true,true,
1769609874129,edge_vlong_01,EDGE_VERY_LONG,0.1,512,QUANTIZED_INT8,2,false,77041,10336,66410,512,7.71,6492.73,5241.56,PSS,0.00,unavailable,2720,512,false,0.043,true,true,
1769609951374,edge_vlong_01,EDGE_VERY_LONG,0.1,1024,QUANTIZED_INT8,0,false,152711,10254,142430,1024,7.19,6492.79,5230.83,PSS,0.00,unavailable,5748,1024,false,0.127,true,true,
1769610104318,edge_vlong_01,EDGE_VERY_LONG,0.1,1024,QUANTIZED_INT8,1,false,149782,10623,138887,1024,7.37,6488.65,5215.95,PSS,0.00,unavailable,5552,1024,false,0.097,true,true,
1769610254356,edge_vlong_01,EDGE_VERY_LONG,0.1,1024,QUANTIZED_INT8,2,false,151379,10746,140297,1024,7.30,6488.95,5220.15,PSS,0.00,unavailable,5355,1024,false,0.123,true,true,
1769610405971,edge_vlong_01,EDGE_VERY_LONG,1.1,128,QUANTIZED_INT8,0,false,24578,10404,14095,128,9.08,6489.01,5226.15,PSS,0.00,unavailable,731,128,false,0.010,true,true,
1769610430774,edge_vlong_01,EDGE_VERY_LONG,1.1,128,QUANTIZED_INT8,1,false,23830,9485,14319,128,8.94,6488.99,5227.01,PSS,0.00,unavailable,680,128,false,0.043,true,true,
1769610454817,edge_vlong_01,EDGE_VERY_LONG,1.1,128,QUANTIZED_INT8,2,false,24472,9810,14635,128,8.75,6489.07,5220.96,PSS,0.00,unavailable,686,128,false,0.000,true,true,
1769610479486,edge_vlong_01,EDGE_VERY_LONG,1.1,512,QUANTIZED_INT8,0,false,77877,10265,67266,512,7.61,6489.43,5217.50,PSS,0.00,unavailable,2763,512,false,0.008,true,true,
1769610557577,edge_vlong_01,EDGE_VERY_LONG,1.1,512,QUANTIZED_INT8,1,false,78847,10255,68341,512,7.49,6489.61,5221.94,PSS,0.00,unavailable,2911,512,false,0.030,true,true,
1769610636619,edge_vlong_01,EDGE_VERY_LONG,1.1,512,QUANTIZED_INT8,2,false,76079,10218,65833,512,7.78,6489.74,5221.78,PSS,0.00,unavailable,2873,512,false,0.048,true,true,
1769610712914,edge_vlong_01,EDGE_VERY_LONG,1.1,1024,QUANTIZED_INT8,0,false,133014,10273,122591,902,7.36,6490.12,5228.93,PSS,0.00,unavailable,5072,902,false,0.051,true,true,
1769610846170,edge_vlong_01,EDGE_VERY_LONG,1.1,1024,QUANTIZED_INT8,1,false,158896,10297,148322,1024,6.90,6490.42,5230.45,PSS,0.00,unavailable,5880,1024,false,0.049,true,true,
1769611005311,edge_vlong_01,EDGE_VERY_LONG,1.1,1024,QUANTIZED_INT8,2,false,150674,10556,139617,1024,7.33,6490.68,5226.81,PSS,0.00,unavailable,5745,1024,false,0.022,true,true,
1769611156227,edge_vlong_01,EDGE_VERY_LONG,2.0,128,QUANTIZED_INT8,0,false,26639,10382,15934,128,8.03,6490.75,5230.68,PSS,0.00,unavailable,627,128,false,0.000,true,true,
1769611183126,edge_vlong_01,EDGE_VERY_LONG,2.0,128,QUANTIZED_INT8,1,false,24893,10268,14590,128,8.77,6490.73,5231.38,PSS,0.00,unavailable,713,128,false,0.000,true,true,
1769611208270,edge_vlong_01,EDGE_VERY_LONG,2.0,128,QUANTIZED_INT8,2,false,24416,9250,15141,128,8.45,6490.79,5228.95,PSS,0.00,unavailable,743,128,false,0.000,true,true,
1769611233030,edge_vlong_01,EDGE_VERY_LONG,2.0,512,QUANTIZED_INT8,0,false,79693,12860,66773,512,7.67,6490.98,5228.76,PSS,0.00,unavailable,2166,512,false,0.016,true,true,
1769611313075,edge_vlong_01,EDGE_VERY_LONG,2.0,512,QUANTIZED_INT8,1,false,70689,10421,59781,512,8.56,6491.10,5231.69,PSS,0.00,unavailable,2900,512,false,0.003,true,true,
1769611383999,edge_vlong_01,EDGE_VERY_LONG,2.0,512,QUANTIZED_INT8,2,false,69453,10119,59305,512,8.63,6491.24,5232.19,PSS,0.00,unavailable,3044,512,false,0.015,true,true,
1769611453708,edge_vlong_01,EDGE_VERY_LONG,2.0,1024,QUANTIZED_INT8,0,false,149779,10387,138937,1024,7.37,6491.53,5231.95,PSS,0.00,unavailable,5617,1024,false,0.026,true,true,
1769611603758,edge_vlong_01,EDGE_VERY_LONG,2.0,1024,QUANTIZED_INT8,1,false,150192,13033,136739,1024,7.49,6491.85,5235.67,PSS,0.00,unavailable,6228,1024,false,0.027,true,true,
1769611754220,edge_vlong_01,EDGE_VERY_LONG,2.0,1024,QUANTIZED_INT8,2,false,143752,9900,133419,1024,7.68,6492.13,5237.53,PSS,0.00,unavailable,5612,1024,false,0.012,true,true,
